Etiqueta;Bloqueado?;Local;Emuso;DataVinculo;Cod.Item
0001;Não;01;Sim;17/01/2022;0000000008
1652;Não;01;Sim;13/01/2023;0000001496
4099;Não;17;Sim;15/06/2022;0000000913
4571;Não;02;Sim;05/08/2022;0000001045
4622;Não;18;Sim;17/08/2022;0000001087
4870;Não;01;Sim;19/07/2022;0000001005
4879;Não;01;Sim;05/08/2022;0000001042
4885;Não;01;Sim;05/08/2022;0000001039
4887;Não;01;Sim;05/08/2022;0000001037
4888;Não;01;Sim;04/08/2022;0000001034
4895;Não;02;Sim;05/08/2022;0000001056
4940;Não;02;Sim;18/08/2022;0000001112
7038;Não;02;Sim;18/08/2022;0000001110
7040;Não;02;Sim;18/08/2022;0000001108
0002;Não;01;Sim;17/01/2022;0000000009
0003;Não;01;Sim;17/01/2022;0000000011
0004;Não;01;Sim;13/10/2022;0000001240
0009;Não;01;Sim;24/01/2023;0000001567
0010;Não;01;Sim;24/01/2023;0000001566
0015;Não;01;Sim;19/01/2022;0000000023
0016;Não;01;Sim;19/01/2022;0000000024
0017;Não;10;Sim;19/01/2022;0000000025
0018;Não;10;Sim;19/01/2022;0000000026
001857;Não;10;Nao;//;
0019;Não;10;Sim;19/01/2022;0000000027
0020;Não;10;Sim;19/01/2022;0000000028
0021;Não;10;Sim;19/01/2022;0000000029
0022;Não;10;Sim;19/01/2022;0000000030
0023;Não;10;Sim;19/01/2022;0000000033
0024;Não;10;Sim;19/01/2022;0000000034
0025;Não;10;Sim;19/01/2022;0000000035
0026;Não;10;Sim;19/01/2022;0000000036
0027;Não;10;Sim;19/01/2022;0000000037
0028;Não;10;Sim;19/01/2022;0000000039
0029;Não;10;Sim;19/01/2022;0000000040
0030;Não;10;Sim;19/01/2022;0000000041
0031;Não;10;Sim;19/01/2022;0000000042
0032;Não;10;Sim;20/01/2022;0000000043
0033;Não;10;Sim;20/01/2022;0000000044
0034;Não;10;Sim;20/01/2022;0000000045
0035;Não;10;Sim;20/01/2022;0000000048
0036;Não;10;Sim;20/01/2022;0000000049
0037;Não;10;Sim;20/01/2022;0000000050
0038;Não;10;Sim;20/01/2022;0000000051
0039;Não;10;Sim;20/01/2022;0000000052
0040;Não;10;Sim;20/01/2022;0000000053
0041;Não;10;Sim;20/01/2022;0000000054
0042;Não;10;Sim;20/01/2022;0000000055
0043;Não;10;Sim;20/01/2022;0000000056
0044;Não;10;Sim;20/01/2022;0000000057
0045;Não;10;Sim;20/01/2022;0000000058
0046;Não;10;Sim;20/01/2022;0000000059
0047;Não;10;Sim;20/01/2022;0000000060
0048;Não;10;Sim;20/01/2022;0000000061
0049;Não;10;Sim;20/01/2022;0000000062
0050;Não;10;Sim;20/01/2022;0000000068
0051;Não;10;Sim;20/01/2022;0000000067
0052;Não;10;Sim;20/01/2022;0000000066
0053;Não;10;Sim;20/01/2022;0000000065
0054;Não;10;Sim;20/01/2022;0000000063
0055;Não;10;Sim;20/01/2022;0000000064
0056;Não;10;Sim;20/01/2022;0000000071
0057;Não;10;Sim;20/01/2022;0000000072
0059;Não;10;Sim;20/01/2022;0000000073
005959;Não;01;Sim;17/10/2022;0000001280
0060;Não;10;Sim;20/01/2022;0000000074
0061;Não;10;Sim;20/01/2022;0000000075
0062;Não;10;Sim;20/01/2022;0000000076
0063;Não;10;Sim;20/01/2022;0000000114
0064;Não;10;Nao;//;
0065;Não;10;Nao;//;
0066;Não;10;Nao;//;
0067;Não;10;Sim;20/01/2022;0000000118
0068;Não;10;Nao;//;
0069;Não;10;Nao;//;
0070;Não;10;Nao;//;
0071;Não;10;Nao;//;
0072;Não;10;Nao;//;
0073;Não;10;Nao;//;
0074;Não;10;Nao;//;
0075;Não;10;Nao;//;
0076;Não;10;Nao;//;
0077;Não;10;Sim;20/01/2022;0000000069
0078;Não;10;Sim;20/01/2022;0000000070
Etiqueta;Bloqueado?;Local;Emuso;DataVinculo;Cod.Item
0079;Não;10;Sim;20/01/2022;0000000082
0080;Não;10;Sim;20/01/2022;0000000084
0081;Não;10;Sim;20/01/2022;0000000099
0082;Não;10;Sim;20/01/2022;0000000100
0083;Não;10;Sim;20/01/2022;0000000101
0084;Não;10;Sim;20/01/2022;0000000102
0085;Não;10;Sim;20/01/2022;0000000103
0086;Não;10;Sim;20/01/2022;0000000107
0087;Não;10;Sim;20/01/2022;0000000106
0088;Não;10;Sim;20/01/2022;0000000108
0089;Não;10;Nao;//;
0090;Não;10;Sim;20/01/2022;0000000128
0091;Não;10;Nao;//;
0092;Não;10;Nao;//;
0093;Não;10;Nao;//;
0094;Não;10;Nao;//;
0095;Não;10;Nao;//;
0096;Não;10;Nao;//;
0097;Não;10;Nao;//;
0098;Não;10;Nao;//;
0099;Não;10;Nao;//;
0103;Não;13;Sim;20/01/2022;0000000085
0104;Não;13;Sim;20/01/2022;0000000086
0105;Não;13;Sim;20/01/2022;0000000087
0106;Não;12;Sim;20/01/2022;0000000088
0107;Não;13;Sim;20/01/2022;0000000096
0108;Não;12;Sim;20/01/2022;0000000089
0109;Não;12;Sim;20/01/2022;0000000090
0110;Não;12;Sim;20/01/2022;0000000091
0111;Não;12;Sim;20/01/2022;0000000092
0112;Não;12;Sim;20/01/2022;0000000093
0113;Não;12;Sim;20/01/2022;0000000094
01137;Não;05;Sim;14/06/2022;0000000873
01138;Não;05;Sim;14/06/2022;0000000893
01139;Não;05;Sim;14/06/2022;0000000871
0114;Não;12;Sim;20/01/2022;0000000095
01143;Não;05;Sim;14/06/2022;0000000892
01148;Não;05;Sim;14/06/2022;0000000896
01149;Não;05;Sim;14/06/2022;0000000891
0115;Não;12;Sim;20/01/2022;0000000097
01153;Não;05;Sim;14/06/2022;0000000870
01160;Não;05;Sim;14/06/2022;0000000900
01161;Não;05;Sim;14/06/2022;0000000890
01162;Não;05;Sim;14/06/2022;0000000903
01164;Não;05;Sim;14/06/2022;0000000869
01165;Não;05;Sim;14/06/2022;0000000889
01171;Não;05;Sim;14/06/2022;0000000902
01172;Não;05;Sim;14/06/2022;0000000895
01175;Não;05;Sim;14/06/2022;0000000888
01178;Não;05;Nao;//;
01185;Não;05;Sim;14/06/2022;0000000865
01186;Não;05;Sim;14/06/2022;0000000887
01189;Não;05;Sim;14/06/2022;0000000901
01190;Não;05;Sim;14/06/2022;0000000886
01191;Não;05;Sim;14/06/2022;0000000864
01193;Não;05;Sim;14/06/2022;0000000863
01197;Não;05;Sim;14/06/2022;0000000884
01198;Não;05;Nao;//;
01199;Não;05;Sim;14/06/2022;0000000861
01200;Não;05;Sim;14/06/2022;0000000883
01201;Não;05;Sim;14/06/2022;0000000882
01202;Não;05;Sim;14/06/2022;0000000881
01203;Não;05;Sim;14/06/2022;0000000880
01204;Não;05;Sim;14/06/2022;0000000874
01205;Não;05;Sim;14/06/2022;0000000879
01206;Não;05;Sim;14/06/2022;0000000877
01207;Não;05;Nao;//;
01208;Não;05;Sim;14/06/2022;0000000876
01209;Não;05;Sim;14/06/2022;0000000878
01210;Não;05;Sim;14/06/2022;0000000875
01211;Não;05;Nao;//;
01212;Não;05;Nao;//;
0123;Não;01;Sim;23/01/2023;0000001562
0124;Não;01;Sim;21/01/2022;0000000134
0125;Não;01;Sim;21/01/2022;0000000135
0126;Não;01;Sim;21/01/2022;0000000136
0127;Não;01;Sim;21/01/2022;0000000137
0128;Não;01;Sim;21/01/2022;0000000138
0129;Não;01;Sim;21/01/2022;0000000139
0130;Não;01;Sim;21/01/2022;0000000140
0131;Não;01;Sim;21/01/2022;0000000141
0132;Não;01;Sim;21/01/2022;0000000142
0133;Não;01;Sim;21/01/2022;0000000149
0134;Não;01;Sim;21/01/2022;0000000148
0135;Não;01;Sim;21/01/2022;0000000143
Etiqueta;Bloqueado?;Local;Emuso;DataVinculo;Cod.Item
0136;Não;01;Sim;21/01/2022;0000000144
0137;Não;01;Sim;21/01/2022;0000000145
0138;Não;01;Sim;21/01/2022;0000000146
0139;Não;01;Sim;21/01/2022;0000000147
0140;Não;01;Sim;21/01/2022;0000000150
0141;Não;01;Sim;21/01/2022;0000000151
0142;Não;01;Sim;21/01/2022;0000000152
0143;Não;01;Sim;21/01/2022;0000000153
0144;Não;01;Sim;21/01/2022;0000000154
0145;Não;01;Sim;21/01/2022;0000000155
0146;Não;01;Sim;21/01/2022;0000000156
0147;Não;01;Sim;21/01/2022;0000000157
0148;Não;01;Sim;21/01/2022;0000000158
0149;Não;01;Sim;24/01/2022;0000000160
0150;Não;01;Sim;24/01/2022;0000000161
0158;Não;01;Sim;09/06/2022;0000000672
0165;Não;01;Sim;26/10/2022;0000001347
0166;Não;01;Sim;24/11/2022;0000001459
0167;Não;01;Sim;13/01/2023;0000001502
0168;Não;01;Sim;28/06/2022;0000000972
0171;Não;10;Sim;09/06/2022;0000000701
0173;Não;10;Sim;08/11/2022;0000001452
0174;Não;14;Sim;08/11/2022;0000001452
0175;Não;14;Sim;07/02/2022;0000000277
0176;Não;14;Sim;07/02/2022;0000000278
0177;Não;01;Sim;07/02/2022;0000000279
0178;Não;14;Sim;07/02/2022;0000000280
0179;Não;01;Sim;07/02/2022;0000000281
0180;Não;01;Sim;07/02/2022;0000000282
0184;Não;14;Sim;07/02/2022;0000000283
0185;Não;12;Sim;07/02/2022;0000000289
0186;Não;12;Sim;07/02/2022;0000000288
0187;Não;12;Sim;07/02/2022;0000000287
0188;Não;01;Sim;07/02/2022;0000000286
0189;Não;01;Sim;07/02/2022;0000000285
0190;Não;01;Sim;07/02/2022;0000000284
0191;Não;01;Sim;24/01/2022;0000000178
0192;Não;01;Sim;07/02/2022;0000000276
0193;Não;01;Sim;25/01/2022;0000000186
0194;Não;01;Sim;25/01/2022;0000000187
0195;Não;01;Sim;25/01/2022;0000000188
0196;Não;01;Sim;25/01/2022;0000000189
0197;Não;01;Sim;25/01/2022;0000000190
0198;Não;01;Sim;25/01/2022;0000000191
0199;Não;01;Sim;25/01/2022;0000000192
0200;Não;01;Sim;25/01/2022;0000000193
0201;Não;01;Sim;25/01/2022;0000000194
0202;Não;01;Sim;25/01/2022;0000000196
0203;Não;01;Sim;25/01/2022;0000000195
0204;Não;01;Sim;25/01/2022;0000000197
0205;Não;01;Sim;25/01/2022;0000000198
0206;Não;04;Sim;25/01/2022;0000000199
0207;Não;01;Sim;25/01/2022;0000000200
0208;Não;01;Sim;25/01/2022;0000000201
0209;Não;01;Sim;25/01/2022;0000000202
0210;Não;01;Sim;07/02/2022;0000000290
0211;Não;01;Sim;07/02/2022;0000000291
0212;Não;01;Sim;20/06/2022;0000000957
0213;Não;01;Sim;20/06/2022;0000000958
0214;Não;01;Sim;07/02/2022;0000000294
0215;Não;01;Sim;07/02/2022;0000000295
0216;Não;01;Sim;07/02/2022;0000000296
0217;Não;14;Sim;07/02/2022;0000000297
0218;Não;14;Sim;07/02/2022;0000000298
0219;Não;14;Sim;08/02/2022;0000000326
0220;Não;01;Sim;08/02/2022;0000000325
0221;Não;10;Sim;08/02/2022;0000000324
0222;Não;10;Sim;08/02/2022;0000000323
0223;Não;10;Sim;08/02/2022;0000000327
0224;Não;10;Sim;09/06/2022;0000000708
0225;Não;01;Sim;08/02/2022;0000000329
0226;Não;10;Sim;08/02/2022;0000000330
0227;Não;10;Sim;08/02/2022;0000000322
0228;Não;10;Sim;08/02/2022;0000000320
0229;Não;10;Sim;08/02/2022;0000000321
0230;Não;10;Sim;08/02/2022;0000000319
0231;Não;01;Sim;08/02/2022;0000000318
0232;Não;01;Sim;07/02/2022;0000000300
0233;Não;01;Sim;08/02/2022;0000000317
0234;Não;10;Sim;07/02/2022;0000000299
0235;Não;12;Sim;18/01/2023;0000001518
0236;Não;10;Sim;17/06/2022;0000000942
0237;Não;01;Sim;07/06/2022;0000000634
0238;Não;14;Sim;10/06/2022;0000000760
0239;Não;01;Sim;04/02/2022;0000000261
Etiqueta;Bloqueado?;Local;Emuso;DataVinculo;Cod.Item
0240;Não;14;Sim;08/02/2022;0000000331
0241;Não;14;Sim;08/02/2022;0000000332
0242;Não;10;Sim;09/02/2022;0000000337
0243;Não;10;Sim;09/02/2022;0000000338
0244;Não;10;Sim;09/02/2022;0000000339
0245;Não;10;Sim;09/02/2022;0000000340
0246;Não;10;Sim;09/02/2022;0000000341
0247;Não;10;Sim;09/02/2022;0000000342
0248;Não;10;Sim;09/02/2022;0000000343
0249;Não;10;Sim;09/02/2022;0000000344
0250;Não;10;Sim;09/02/2022;0000000345
0251;Não;10;Sim;09/02/2022;0000000346
0252;Não;10;Sim;09/02/2022;0000000347
0253;Não;10;Sim;15/02/2022;0000000441
0254;Não;10;Sim;15/02/2022;0000000442
0255;Não;10;Sim;15/02/2022;0000000443
0256;Não;10;Sim;15/02/2022;0000000444
0257;Não;10;Sim;15/02/2022;0000000445
0258;Não;10;Sim;15/02/2022;0000000448
0259;Não;10;Sim;15/02/2022;0000000448
0260;Não;10;Sim;15/02/2022;0000000447
0261;Não;10;Sim;15/02/2022;0000000449
0262;Não;10;Sim;15/02/2022;0000000450
0263;Não;10;Sim;15/02/2022;0000000451
0264;Não;10;Sim;15/02/2022;0000000452
0265;Não;10;Sim;15/02/2022;0000000455
0266;Não;10;Sim;15/02/2022;0000000453
0267;Não;10;Sim;15/02/2022;0000000454
0268;Não;10;Sim;15/02/2022;0000000456
0269;Não;10;Sim;15/02/2022;0000000457
0270;Não;10;Sim;15/02/2022;0000000458
0271;Não;10;Sim;15/02/2022;0000000459
0272;Não;10;Sim;15/02/2022;0000000460
0273;Não;14;Sim;15/02/2022;0000000465
0274;Não;14;Sim;15/02/2022;0000000461
0275;Não;14;Sim;15/02/2022;0000000462
0276;Não;14;Sim;15/02/2022;0000000463
0277;Não;14;Sim;15/02/2022;0000000464
0278;Não;14;Sim;15/02/2022;0000000466
0279;Não;14;Sim;15/02/2022;0000000467
0280;Não;14;Sim;15/02/2022;0000000468
0281;Não;14;Sim;15/02/2022;0000000469
0282;Não;14;Sim;15/02/2022;0000000470
0283;Não;01;Sim;01/02/2022;0000000218
0284;Não;01;Sim;01/02/2022;0000000219
0285;Não;01;Sim;01/02/2022;0000000220
0286;Não;01;Sim;01/02/2022;0000000221
0287;Não;01;Sim;01/02/2022;0000000223
0288;Não;01;Sim;01/02/2022;0000000224
0289;Não;01;Sim;01/02/2022;0000000225
0290;Não;01;Sim;01/02/2022;0000000226
0291;Não;01;Sim;01/02/2022;0000000227
0292;Não;01;Sim;01/02/2022;0000000228
0293;Não;01;Sim;01/02/2022;0000000230
0294;Não;01;Sim;01/02/2022;0000000231
0295;Não;01;Sim;14/06/2022;0000000897
0296;Não;01;Sim;02/03/2022;0000000571
0297;Não;01;Nao;//;
0298;Não;01;Nao;//;
0299;Não;01;Nao;//;
0300;Não;01;Nao;//;
0303;Não;05;Sim;08/02/2022;0000000310
0304;Não;05;Sim;08/02/2022;0000000306
0305;Não;05;Sim;08/02/2022;0000000309
0306;Não;05;Sim;08/02/2022;0000000307
0307;Não;05;Sim;08/02/2022;0000000313
0308;Não;05;Sim;08/02/2022;0000000314
0309;Não;05;Sim;08/02/2022;0000000315
0310;Não;05;Sim;08/02/2022;0000000316
0311;Não;05;Sim;08/02/2022;0000000308
0312;Não;12;Sim;15/02/2022;0000000471
0313;Não;12;Sim;15/02/2022;0000000472
0314;Não;12;Sim;15/02/2022;0000000473
0315;Não;12;Sim;15/02/2022;0000000475
0316;Não;12;Sim;15/02/2022;0000000476
0317;Não;12;Sim;15/02/2022;0000000474
0319;Não;05;Sim;15/02/2022;0000000477
0320;Não;05;Sim;08/02/2022;0000000312
0322;Não;10;Sim;14/06/2022;0000000867
0323;Não;05;Sim;14/06/2022;0000000866
0324;Não;12;Sim;14/06/2022;0000000868
0326;Não;05;Sim;14/06/2022;0000000894
0328;Não;05;Sim;14/06/2022;0000000885
0340;Não;01;Sim;26/10/2022;0000001344
0345;Não;01;Nao;//;
Etiqueta;Bloqueado?;Local;Emuso;DataVinculo;Cod.Item
0346;Não;01;Nao;//;
0347;Não;01;Nao;//;
0348;Não;01;Sim;17/06/2022;0000000955
0349;Não;01;Nao;//;
0350;Não;01;Nao;//;
0351;Não;01;Nao;//;
0352;Não;01;Sim;03/02/2022;0000000233
0353;Não;01;Sim;03/02/2022;0000000234
0354;Não;01;Sim;03/02/2022;0000000235
0355;Não;01;Sim;03/02/2022;0000000236
0356;Não;01;Sim;04/02/2022;0000000240
0357;Não;01;Sim;04/02/2022;0000000239
0358;Não;01;Sim;04/02/2022;0000000238
0359;Não;01;Sim;04/02/2022;0000000237
0360;Não;01;Sim;04/02/2022;0000000241
0361;Não;01;Sim;04/02/2022;0000000242
0362;Não;01;Sim;04/02/2022;0000000246
0363;Não;01;Sim;04/02/2022;0000000248
0364;Não;01;Sim;04/02/2022;0000000249
0365;Não;01;Sim;20/06/2022;0000000962
0366;Não;01;Sim;04/02/2022;0000000252
0367;Não;01;Sim;10/06/2022;0000000761
0368;Não;01;Sim;10/06/2022;0000000762
0369;Não;01;Sim;10/06/2022;0000000763
0370;Não;01;Nao;//;
0371;Não;01;Nao;//;
0372;Não;01;Nao;//;
0373;Não;01;Nao;//;
0375;Não;01;Sim;04/02/2022;0000000253
0376;Não;01;Sim;04/02/2022;0000000254
0377;Não;01;Sim;04/02/2022;0000000255
0378;Não;01;Sim;04/02/2022;0000000256
0379;Não;01;Sim;04/02/2022;0000000257
0380;Não;01;Sim;04/02/2022;0000000258
0381;Não;01;Sim;09/06/2022;0000000721
0382;Não;01;Sim;09/06/2022;0000000745
0383;Não;01;Nao;//;
0384;Não;01;Nao;//;
0389;Não;05;Sim;14/06/2022;0000000898
0390;Não;14;Sim;08/02/2022;0000000334
0391;Não;14;Sim;08/02/2022;0000000333
0392;Não;01;Sim;07/02/2022;0000000267
0393;Não;14;Sim;07/02/2022;0000000266
0394;Não;01;Sim;07/02/2022;0000000268
0395;Não;01;Sim;07/02/2022;0000000269
0396;Não;01;Sim;07/02/2022;0000000270
0397;Não;01;Sim;07/02/2022;0000000271
0398;Não;01;Sim;07/02/2022;0000000272
0399;Não;01;Sim;07/02/2022;0000000273
0400;Não;01;Sim;07/02/2022;0000000274
0401;Não;01;Sim;07/02/2022;0000000275
0404;Não;01;Nao;//;
0409;Não;01;Nao;//;
0410;Não;01;Nao;//;
0411;Não;01;Sim;08/02/2022;0000000303
0412;Não;01;Sim;08/02/2022;0000000304
0413;Não;01;Sim;08/02/2022;0000000305
0416;Não;01;Sim;15/02/2022;0000000496
0417;Não;01;Sim;15/02/2022;0000000497
0418;Não;01;Sim;15/02/2022;0000000498
0419;Não;01;Sim;15/02/2022;0000000499
0420;Não;01;Sim;15/02/2022;0000000500
0421;Não;01;Sim;15/02/2022;0000000501
0423;Não;01;Sim;15/02/2022;0000000502
0424;Não;01;Sim;15/02/2022;0000000503
0425;Não;14;Sim;15/02/2022;0000000504
0426;Não;14;Sim;15/02/2022;0000000505
0427;Não;01;Sim;10/02/2022;0000000348
0428;Não;01;Sim;10/02/2022;0000000349
0429;Não;01;Sim;10/02/2022;0000000350
0430;Não;01;Sim;10/02/2022;0000000353
0431;Não;01;Sim;10/02/2022;0000000355
0432;Não;01;Sim;10/02/2022;0000000356
0433;Não;01;Sim;10/02/2022;0000000357
0434;Não;01;Sim;10/02/2022;0000000358
0435;Não;01;Sim;10/02/2022;0000000359
0436;Não;01;Sim;10/02/2022;0000000360
0437;Não;01;Sim;10/02/2022;0000000362
0438;Não;01;Sim;10/02/2022;0000000363
0439;Não;01;Sim;10/02/2022;0000000365
0440;Não;01;Sim;10/02/2022;0000000366
0441;Não;01;Sim;10/02/2022;0000000367
0442;Não;01;Sim;10/02/2022;0000000368
0443;Não;01;Sim;10/02/2022;0000000369
0444;Não;01;Sim;10/02/2022;0000000370
Etiqueta;Bloqueado?;Local;Emuso;DataVinculo;Cod.Item
0445;Não;01;Sim;10/02/2022;0000000371
0446;Não;01;Sim;10/02/2022;0000000372
0447;Não;01;Sim;10/02/2022;0000000373
0448;Não;01;Sim;10/02/2022;0000000376
0449;Não;01;Sim;10/02/2022;0000000377
0450;Não;01;Sim;10/02/2022;0000000378
0451;Não;01;Sim;10/02/2022;0000000379
0452;Não;01;Sim;10/02/2022;0000000380
0453;Não;01;Sim;10/02/2022;0000000381
0454;Não;01;Sim;10/02/2022;0000000382
0455;Não;01;Sim;10/02/2022;0000000383
0456;Não;01;Sim;10/02/2022;0000000384
0457;Não;01;Sim;10/02/2022;0000000385
0458;Não;01;Sim;10/02/2022;0000000386
0459;Não;01;Sim;10/02/2022;0000000387
0460;Não;01;Sim;10/02/2022;0000000388
0461;Não;01;Sim;10/02/2022;0000000389
0462;Não;01;Sim;10/02/2022;0000000390
0463;Não;01;Sim;10/02/2022;0000000392
0464;Não;01;Sim;10/02/2022;0000000393
0465;Não;01;Sim;10/02/2022;0000000394
0466;Não;01;Sim;10/02/2022;0000000395
0467;Não;01;Sim;10/02/2022;0000000396
0468;Não;01;Sim;10/02/2022;0000000398
0469;Não;01;Sim;10/02/2022;0000000399
0470;Não;01;Sim;10/02/2022;0000000400
0471;Não;01;Sim;10/02/2022;0000000401
0472;Não;01;Sim;10/02/2022;0000000402
0473;Não;01;Sim;10/02/2022;0000000403
0474;Não;01;Sim;10/02/2022;0000000404
0475;Não;01;Sim;10/02/2022;0000000405
0476;Não;01;Sim;14/02/2022;0000000438
0477;Não;01;Sim;14/02/2022;0000000439
0478;Não;01;Sim;15/02/2022;0000000479
0479;Não;01;Sim;15/02/2022;0000000480
0480;Não;;Sim;15/02/2022;0000000481
0481;Não;01;Sim;15/02/2022;0000000482
0482;Não;01;Sim;15/02/2022;0000000483
0483;Não;01;Sim;15/02/2022;0000000484
0484;Não;01;Sim;15/02/2022;0000000485
0485;Não;01;Sim;15/02/2022;0000000486
0486;Não;01;Sim;15/02/2022;0000000487
0487;Não;01;Sim;15/02/2022;0000000488
0488;Não;01;Sim;15/02/2022;0000000489
0489;Não;01;Sim;15/02/2022;0000000490
0490;Não;01;Sim;15/02/2022;0000000491
0491;Não;01;Sim;15/02/2022;0000000492
0492;Não;01;Sim;15/02/2022;0000000506
0493;Não;01;Sim;15/02/2022;0000000507
0494;Não;01;Sim;16/02/2022;0000000508
0495;Não;01;Sim;16/02/2022;0000000509
0496;Não;01;Sim;16/02/2022;0000000510
0497;Não;01;Sim;16/02/2022;0000000511
0498;Não;01;Sim;16/02/2022;0000000512
0499;Não;01;Sim;16/02/2022;0000000513
0500;Não;01;Sim;16/02/2022;0000000514
0501;Não;01;Sim;16/02/2022;0000000515
0502;Não;01;Sim;16/02/2022;0000000516
0503;Não;01;Sim;16/02/2022;0000000517
0504;Não;01;Sim;16/02/2022;0000000518
0505;Não;04;Sim;16/02/2022;0000000519
0506;Não;01;Sim;16/02/2022;0000000520
0507;Não;01;Sim;16/02/2022;0000000521
0508;Não;01;Sim;16/02/2022;0000000522
0509;Não;01;Sim;15/02/2022;0000000493
0510;Não;01;Sim;17/02/2022;0000000523
0511;Não;14;Sim;17/02/2022;0000000524
0512;Não;14;Sim;17/02/2022;0000000525
0513;Não;14;Sim;09/06/2022;0000000752
0514;Não;14;Sim;09/06/2022;0000000748
0515;Não;14;Nao;//;
0516;Não;14;Sim;18/02/2022;0000000526
0517;Não;14;Sim;18/02/2022;0000000527
0518;Não;14;Sim;18/02/2022;0000000528
0519;Não;14;Sim;18/02/2022;0000000529
0520;Não;12;Sim;10/06/2022;0000000769
0521;Não;01;Sim;18/02/2022;0000000531
0522;Não;14;Sim;18/02/2022;0000000530
0523;Não;10;Sim;18/02/2022;0000000533
0524;Não;14;Sim;18/02/2022;0000000532
0525;Não;14;Sim;18/02/2022;0000000534
0526;Não;14;Sim;18/02/2022;0000000535
0527;Não;14;Sim;18/02/2022;0000000536
0528;Não;14;Sim;18/02/2022;0000000538
0529;Não;14;Sim;18/02/2022;0000000539
Etiqueta;Bloqueado?;Local;Emuso;DataVinculo;Cod.Item
0530;Não;14;Sim;18/02/2022;0000000537
0531;Não;14;Sim;21/02/2022;0000000540
0532;Não;14;Sim;22/02/2022;0000000541
0533;Não;01;Sim;22/02/2022;0000000542
0534;Não;12;Sim;26/04/2022;0000000583
0535;Não;12;Sim;26/04/2022;0000000584
0536;Não;12;Sim;09/06/2022;0000000719
0537;Não;12;Sim;09/06/2022;0000000720
0538;Não;12;Nao;//;
0539;Não;12;Sim;07/06/2022;0000000633
0540;Não;12;Nao;//;
0541;Não;12;Nao;//;
0542;Não;12;Sim;10/06/2022;0000000778
0543;Não;12;Sim;09/06/2022;0000000706
0544;Não;12;Nao;//;
0545;Não;12;Sim;09/06/2022;0000000750
0546;Não;12;Sim;09/06/2022;0000000751
0547;Não;12;Sim;09/06/2022;0000000749
0548;Não;12;Sim;25/10/2022;0000001334
0549;Não;12;Sim;18/01/2023;0000001528
0550;Não;12;Sim;10/06/2022;0000000764
0551;Não;01;Sim;21/06/2022;0000000967
0552;Não;12;Sim;18/01/2023;0000001516
0554;Não;12;Sim;10/06/2022;0000000766
0555;Não;12;Sim;10/06/2022;0000000775
0556;Não;12;Sim;10/06/2022;0000000776
0559;Não;12;Sim;10/06/2022;0000000773
0560;Não;12;Sim;10/06/2022;0000000779
0561;Não;12;Sim;10/06/2022;0000000765
0562;Não;12;Sim;10/06/2022;0000000768
0563;Não;12;Sim;10/06/2022;0000000777
0564;Não;12;Sim;10/06/2022;0000000767
0566;Não;12;Sim;26/04/2022;0000000586
0567;Não;10;Nao;//;
0568;Não;01;Nao;//;
0569;Não;14;Sim;24/02/2022;0000000545
0570;Não;14;Sim;24/02/2022;0000000547
0571;Não;14;Sim;24/02/2022;0000000548
0572;Não;14;Sim;24/02/2022;0000000549
0573;Não;14;Sim;24/02/2022;0000000550
0574;Não;14;Sim;24/02/2022;0000000551
0575;Não;14;Sim;24/02/2022;0000000552
0576;Não;14;Sim;24/02/2022;0000000553
0577;Não;10;Sim;13/06/2022;0000000827
0578;Não;10;Sim;13/06/2022;0000000828
0579;Não;10;Sim;13/06/2022;0000000825
0580;Não;10;Sim;13/06/2022;0000000826
0584;Não;10;Sim;09/06/2022;0000000725
0585;Não;10;Sim;09/06/2022;0000000739
0588;Não;10;Sim;09/06/2022;0000000736
0590;Não;10;Sim;09/06/2022;0000000735
0592;Não;10;Sim;09/06/2022;0000000738
0593;Não;10;Sim;09/06/2022;0000000723
0596;Não;10;Sim;09/06/2022;0000000714
0597;Não;10;Sim;09/06/2022;0000000733
0599;Não;10;Sim;09/06/2022;0000000718
0600;Não;10;Nao;//;
0601;Não;01;Sim;25/10/2022;0000001331
0603;Não;10;Sim;09/06/2022;0000000709
0604;Não;10;Sim;09/06/2022;0000000713
0605;Não;10;Sim;15/06/2022;0000000932
0606;Não;10;Sim;15/06/2022;0000000933
0607;Não;10;Sim;25/02/2022;0000000559
0608;Não;10;Sim;25/02/2022;0000000561
0609;Não;10;Sim;25/02/2022;0000000562
0610;Não;10;Sim;25/02/2022;0000000563
0611;Não;12;Sim;25/02/2022;0000000564
0612;Não;12;Sim;25/02/2022;0000000565
0613;Não;12;Sim;25/02/2022;0000000566
0614;Não;12;Sim;25/02/2022;0000000567
0615;Não;01;Sim;25/02/2022;0000000568
0616;Não;14;Sim;25/02/2022;0000000569
0617;Não;14;Nao;//;
0618;Não;10;Sim;09/06/2022;0000000737
0619;Não;01;Sim;25/10/2022;0000001335
0622;Não;01;Sim;20/06/2022;0000000965
0623;Não;10;Sim;01/11/2022;0000001389
0624;Não;10;Sim;08/11/2022;0000001410
0625;Não;10;Sim;08/11/2022;0000001412
0626;Não;10;Sim;08/11/2022;0000001409
0627;Não;10;Sim;08/11/2022;0000001412
0632;Não;01;Sim;24/10/2022;0000001298
0633;Não;01;Sim;24/10/2022;0000001299
0634;Não;01;Sim;24/10/2022;0000001295
0635;Não;01;Sim;24/10/2022;0000001297
Etiqueta;Bloqueado?;Local;Emuso;DataVinculo;Cod.Item
0636;Não;01;Sim;24/10/2022;0000001300
0637;Não;01;Sim;24/10/2022;0000001301
0638;Não;01;Sim;24/10/2022;0000001293
0639;Não;01;Sim;24/10/2022;0000001294
0640;Não;01;Sim;04/03/2022;0000000573
0641;Não;01;Sim;04/03/2022;0000000572
0642;Não;01;Sim;04/03/2022;0000000574
0643;Não;01;Sim;04/03/2022;0000000575
0644;Não;01;Sim;04/03/2022;0000000576
0645;Não;01;Sim;19/01/2022;0000000023
0646;Não;01;Sim;04/03/2022;0000000578
0647;Não;01;Sim;04/03/2022;0000000579
0648;Não;01;Sim;04/03/2022;0000000580
0649;Não;01;Sim;09/06/2022;0000000746
0650;Não;01;Sim;04/03/2022;0000000581
0652;Não;12;Sim;10/06/2022;0000000774
0653;Não;10;Sim;01/11/2022;0000001386
0654;Não;10;Sim;01/11/2022;0000001387
0655;Não;01;Nao;//;
0657;Não;14;Nao;//;
0658;Não;10;Sim;07/11/2022;0000001407
0659;Não;01;Sim;19/01/2023;0000001554
0660;Não;01;Sim;19/01/2023;0000001555
0664;Não;10;Nao;//;
0665;Não;01;Sim;25/10/2022;0000001339
0666;Não;10;Sim;09/06/2022;0000000732
0667;Não;01;Sim;25/10/2022;0000001337
0668;Não;01;Sim;25/10/2022;0000001336
0669;Não;01;Sim;25/10/2022;0000001338
0670;Não;01;Sim;11/10/2022;0000001205
0671;Não;10;Sim;09/06/2022;0000000707
0673;Não;01;Sim;20/06/2022;0000000960
0674;Não;01;Sim;20/06/2022;0000000959
0675;Não;01;Sim;20/06/2022;0000000961
0676;Não;01;Sim;19/01/2023;0000001533
0679;Não;01;Sim;07/02/2023;0000001625
0681;Não;01;Sim;18/01/2023;0000001521
0683;Não;01;Sim;13/10/2022;0000001250
0684;Não;01;Sim;13/10/2022;0000001250
0685;Não;01;Sim;13/10/2022;0000001253
0686;Não;01;Sim;13/10/2022;0000001251
0687;Não;01;Sim;02/02/2023;0000001596
0688;Não;01;Sim;13/10/2022;0000001252
0689;Não;01;Sim;13/10/2022;0000001254
0693;Não;10;Sim;08/06/2022;0000000662
0694;Não;01;Sim;09/06/2022;0000000674
0695;Não;01;Sim;15/06/2022;0000000919
0696;Não;01;Sim;15/06/2022;0000000914
0697;Não;01;Sim;05/05/2022;0000000589
0698;Não;01;Sim;05/05/2022;0000000588
0699;Não;01;Sim;06/05/2022;0000000604
0700;Não;01;Sim;05/05/2022;0000000590
0701;Não;01;Sim;06/05/2022;0000000609
0702;Não;01;Sim;06/05/2022;0000000605
0703;Não;01;Sim;06/05/2022;0000000606
0704;Não;01;Sim;15/06/2022;0000000916
0705;Não;01;Sim;15/06/2022;0000000917
0706;Não;01;Sim;06/05/2022;0000000608
0707;Não;01;Sim;06/05/2022;0000000610
0708;Não;01;Sim;13/10/2022;0000001228
0709;Não;02;Sim;13/10/2022;0000001229
0710;Não;01;Sim;13/10/2022;0000001234
0711;Não;01;Sim;13/10/2022;0000001230
0712;Não;01;Sim;13/10/2022;0000001235
0713;Não;01;Sim;13/10/2022;0000001231
0714;Não;01;Sim;13/10/2022;0000001236
0715;Não;01;Sim;13/10/2022;0000001232
0716;Não;01;Sim;13/10/2022;0000001237
0717;Não;10;Sim;01/11/2022;0000001379
0718;Não;14;Sim;01/11/2022;0000001379
0719;Não;10;Nao;//;
0720;Não;10;Sim;01/11/2022;0000001380
0721;Não;10;Sim;01/11/2022;0000001393
0722;Não;14;Sim;01/11/2022;0000001393
0723;Não;10;Sim;01/11/2022;0000001377
0725;Não;10;Sim;01/11/2022;0000001392
0729;Não;01;Sim;18/01/2023;0000001522
0731;Não;12;Sim;19/05/2022;0000000619
0732;Não;12;Sim;19/05/2022;0000000620
0733;Não;12;Sim;19/05/2022;0000000621
0734;Não;12;Sim;19/05/2022;0000000622
0735;Não;12;Sim;19/05/2022;0000000625
0736;Não;12;Sim;08/06/2022;0000000655
0737;Não;12;Sim;08/06/2022;0000000659
0738;Não;01;Sim;19/10/2022;0000001290
Etiqueta;Bloqueado?;Local;Emuso;DataVinculo;Cod.Item
0739;Não;12;Sim;08/06/2022;0000000660
0740;Não;12;Sim;08/06/2022;0000000663
0741;Não;12;Sim;08/06/2022;0000000664
0742;Não;12;Sim;08/06/2022;0000000665
0743;Não;12;Sim;25/05/2022;0000000627
0744;Não;12;Sim;25/05/2022;0000000628
0745;Não;14;Sim;08/06/2022;0000000666
0746;Não;14;Sim;08/06/2022;0000000667
0747;Não;14;Sim;08/06/2022;0000000668
0748;Não;;Sim;13/06/2022;0000000788
0749;Não;14;Sim;08/06/2022;0000000670
0750;Não;14;Sim;09/06/2022;0000000704
0751;Não;14;Sim;08/06/2022;0000000669
0752;Não;12;Sim;13/06/2022;0000000789
0753;Não;12;Sim;13/06/2022;0000000790
0754;Não;12;Sim;12/12/2022;0000001477
0755;Não;12;Sim;13/06/2022;0000000792
0756;Não;12;Sim;13/06/2022;0000000791
0757;Não;12;Sim;13/06/2022;0000000794
0758;Não;12;Sim;13/06/2022;0000000795
0759;Não;12;Sim;13/06/2022;0000000793
0760;Não;12;Sim;13/06/2022;0000000796
0761;Não;12;Sim;13/06/2022;0000000797
0762;Não;12;Sim;13/06/2022;0000000798
0763;Não;14;Sim;10/06/2022;0000000755
0764;Não;12;Sim;10/06/2022;0000000757
0765;Não;14;Sim;10/06/2022;0000000756
0766;Não;12;Sim;13/06/2022;0000000800
0767;Não;01;Sim;01/11/2022;0000001384
0769;Não;10;Sim;01/11/2022;0000001385
0771;Não;10;Sim;08/11/2022;0000001453
0773;Não;14;Nao;//;
0774;Não;10;Sim;08/11/2022;0000001455
0776;Não;01;Sim;18/01/2023;0000001520
0777;Não;01;Sim;03/02/2023;0000001617
0778;Não;12;Sim;13/06/2022;0000000799
0781;Não;01;Sim;12/01/2023;0000001492
0782;Não;10;Nao;//;
0783;Não;10;Sim;09/06/2022;0000000741
0784;Não;01;Sim;10/10/2022;0000001164
0785;Não;01;Sim;21/06/2022;0000000966
0787;Não;10;Sim;09/06/2022;0000000676
0788;Não;10;Sim;08/06/2022;0000000635
0789;Não;10;Sim;08/06/2022;0000000636
0790;Não;10;Sim;08/06/2022;0000000658
0791;Não;10;Sim;08/06/2022;0000000661
0792;Não;10;Sim;09/06/2022;0000000742
0793;Não;10;Sim;09/06/2022;0000000698
0794;Não;10;Sim;09/06/2022;0000000699
0795;Não;01;Sim;17/06/2022;0000000939
0797;Não;10;Sim;08/06/2022;0000000637
0798;Não;10;Sim;08/06/2022;0000000638
0799;Não;10;Sim;08/06/2022;0000000640
0800;Não;10;Sim;08/06/2022;0000000641
0801;Não;10;Nao;//;
0802;Não;10;Nao;//;
0803;Não;10;Sim;08/06/2022;0000000639
0804;Não;10;Sim;08/06/2022;0000000642
0805;Não;10;Nao;//;
0806;Não;10;Sim;08/06/2022;0000000646
0807;Não;10;Sim;08/06/2022;0000000647
0808;Não;10;Sim;08/06/2022;0000000648
0809;Não;10;Sim;08/06/2022;0000000645
0810;Não;10;Sim;08/06/2022;0000000643
0811;Não;10;Sim;08/06/2022;0000000644
0812;Não;10;Sim;09/06/2022;0000000677
0813;Não;10;Sim;08/06/2022;0000000651
0814;Não;10;Sim;08/06/2022;0000000652
0815;Não;10;Sim;08/06/2022;0000000650
0816;Não;10;Sim;08/06/2022;0000000649
0817;Não;10;Sim;09/06/2022;0000000682
0818;Não;10;Sim;09/06/2022;0000000694
0819;Não;10;Sim;09/06/2022;0000000695
0820;Não;10;Sim;09/06/2022;0000000696
0821;Não;10;Sim;09/06/2022;0000000697
0822;Não;10;Sim;09/06/2022;0000000693
0823;Não;10;Sim;09/06/2022;0000000691
0824;Não;10;Sim;09/06/2022;0000000680
0825;Não;10;Sim;09/06/2022;0000000680
0826;Não;10;Sim;09/06/2022;0000000686
0827;Não;10;Sim;09/06/2022;0000000685
0828;Não;10;Sim;09/06/2022;0000000689
0829;Não;10;Sim;09/06/2022;0000000681
0830;Não;10;Sim;09/06/2022;0000000687
0831;Não;10;Sim;09/06/2022;0000000688
Etiqueta;Bloqueado?;Local;Emuso;DataVinculo;Cod.Item
0832;Não;10;Sim;09/06/2022;0000000692
0833;Não;10;Sim;09/06/2022;0000000683
0834;Não;10;Sim;09/06/2022;0000000684
0835;Não;10;Sim;09/06/2022;0000000690
0836;Não;10;Sim;09/06/2022;0000000702
0837;Não;10;Sim;09/06/2022;0000000675
0839;Não;10;Sim;09/06/2022;0000000703
0840;Não;10;Sim;17/06/2022;0000000944
0854;Não;10;Nao;//;
10;;01;Sim;17/01/2022;0000000018
100;;01;Nao;//;
1000;;06;Sim;16/09/2021;0000000001
1001;;06;Nao;//;
1002;;06;Nao;//;
1003;;06;Nao;//;
1004;;06;Nao;//;
1005;;06;Nao;//;
1006;;06;Nao;//;
1007;;06;Nao;//;
1008;;06;Nao;//;
1009;;06;Nao;//;
101;Não;10;Nao;//;
1010;;06;Nao;//;
1011;;06;Nao;//;
1012;;06;Nao;//;
1013;;06;Nao;//;
1014;;06;Nao;//;
1015;;06;Nao;//;
1016;;06;Nao;//;
1017;;06;Nao;//;
1018;;06;Nao;//;
1019;;06;Nao;//;
102;Não;10;Nao;//;
1020;;06;Nao;//;
1021;;06;Nao;//;
1022;;06;Nao;//;
1023;;06;Nao;//;
1024;;06;Nao;//;
1025;;06;Nao;//;
1026;;06;Nao;//;
1027;;06;Nao;//;
1028;;06;Nao;//;
1029;;06;Nao;//;
1030;;06;Nao;//;
1031;;06;Nao;//;
1032;;06;Nao;//;
1033;;06;Nao;//;
1034;;06;Nao;//;
1035;;06;Nao;//;
1036;;06;Nao;//;
1037;;06;Nao;//;
1038;;06;Nao;//;
1039;;06;Nao;//;
1043;Não;14;Nao;//;
1056;Não;01;Nao;//;
11;;01;Sim;17/01/2022;0000000019
1101;;06;Nao;//;
1102;;06;Nao;//;
1103;;06;Nao;//;
1104;;06;Nao;//;
1105;;06;Nao;//;
1106;;06;Nao;//;
1107;;06;Nao;//;
1108;;06;Nao;//;
1109;;06;Nao;//;
1110;;06;Nao;//;
1111;;06;Nao;//;
1112;;06;Nao;//;
1113;;06;Nao;//;
1114;;06;Nao;//;
1115;;06;Nao;//;
1116;;06;Nao;//;
1117;;06;Nao;//;
1118;;06;Nao;//;
1119;;06;Nao;//;
1120;;06;Nao;//;
1121;;06;Nao;//;
1122;;06;Nao;//;
1123;;06;Nao;//;
1124;;06;Nao;//;
1125;;06;Nao;//;
1126;;06;Nao;//;
1127;;06;Nao;//;
1128;;06;Nao;//;
1129;;06;Nao;//;
Etiqueta;Bloqueado?;Local;Emuso;DataVinculo;Cod.Item
1130;;06;Nao;//;
1131;;06;Nao;//;
1132;;06;Nao;//;
1133;;06;Nao;//;
1134;;06;Nao;//;
1135;;06;Nao;//;
1136;;06;Nao;//;
1137;;06;Nao;//;
1138;;06;Nao;//;
1139;;06;Nao;//;
1140;;06;Nao;//;
1141;;06;Nao;//;
1142;;06;Nao;//;
1143;;06;Nao;//;
1144;;06;Nao;//;
1145;;06;Nao;//;
1146;;06;Nao;//;
1147;;06;Nao;//;
1148;;06;Nao;//;
1149;;06;Nao;//;
1150;;06;Nao;//;
1151;;06;Nao;//;
1152;;06;Nao;//;
1153;;06;Nao;//;
1154;;06;Nao;//;
1155;;06;Nao;//;
1156;;06;Nao;//;
1157;;06;Nao;//;
1158;;06;Nao;//;
1159;;06;Nao;//;
116;Não;12;Sim;20/01/2022;0000000104
1160;;06;Nao;//;
1161;;06;Nao;//;
1162;;06;Nao;//;
1163;;06;Nao;//;
1164;;06;Nao;//;
1165;;06;Nao;//;
1166;;06;Nao;//;
1167;;06;Sim;26/10/2022;0000001343
1168;;06;Sim;26/10/2022;0000001345
1169;;06;Nao;//;
117;Não;12;Sim;20/01/2022;0000000105
1170;;06;Nao;//;
1171;;06;Nao;//;
1172;;06;Nao;//;
1173;;06;Nao;//;
1174;;06;Nao;//;
1175;;06;Nao;//;
1176;;06;Nao;//;
1177;;06;Nao;//;
1178;;06;Nao;//;
1179;;06;Nao;//;
118;Não;12;Sim;20/01/2022;0000000109
1180;;06;Sim;25/10/2022;0000001342
1181;;06;Nao;//;
1182;;06;Nao;//;
1183;;06;Nao;//;
1184;;06;Nao;//;
1185;;06;Nao;//;
1186;;06;Nao;//;
1187;;06;Nao;//;
1188;;06;Nao;//;
1189;;06;Nao;//;
119;Não;12;Sim;20/01/2022;0000000111
1190;;06;Nao;//;
1191;;06;Nao;//;
1192;;06;Sim;26/10/2022;0000001346
1193;;06;Nao;//;
1194;;06;Nao;//;
1195;;06;Sim;25/10/2022;0000001330
1196;;06;Nao;//;
1197;;06;Nao;//;
1199;;06;Sim;16/09/2021;0000000002
12;;01;Sim;17/01/2022;0000000020
120;Não;12;Sim;20/01/2022;0000000113
1200;;06;Sim;16/09/2021;0000000003
1201;;06;Sim;16/09/2021;0000000004
1202;;06;Sim;16/09/2021;0000000001
1203;Não;01;Sim;11/02/2022;0000000407
121;Não;12;Sim;20/01/2022;0000000112
1213;Não;10;Sim;09/06/2022;0000000711
1214;Não;10;Sim;09/06/2022;0000000734
1215;Não;10;Sim;19/01/2022;0000000038
1216;Não;10;Sim;09/06/2022;0000000671
1217;Não;14;Sim;24/02/2022;0000000546
Etiqueta;Bloqueado?;Local;Emuso;DataVinculo;Cod.Item
1218;Não;10;Sim;09/06/2022;0000000705
1219;Não;11;Sim;09/06/2022;0000000715
122;Não;12;Sim;20/01/2022;0000000110
1220;Não;10;Sim;09/06/2022;0000000710
1221;Não;10;Sim;09/06/2022;0000000716
1222;Não;10;Sim;09/06/2022;0000000722
1223;Não;10;Sim;09/06/2022;0000000724
1224;Não;10;Sim;09/06/2022;0000000726
1225;Não;10;Sim;09/06/2022;0000000727
1226;Não;10;Sim;09/06/2022;0000000729
1227;Não;01;Sim;11/02/2022;0000000413
1228;Não;01;Sim;20/06/2022;0000000963
1229;Não;01;Sim;01/11/2022;0000001401
123;Não;10;Sim;09/06/2022;0000000712
1230;Não;01;Sim;11/02/2022;0000000431
1231;Não;01;Sim;11/02/2022;0000000434
1232;Não;10;Sim;09/06/2022;0000000728
1233;Não;10;Sim;09/06/2022;0000000730
1234;Não;01;Sim;09/06/2022;0000000731
1235;Não;01;Sim;11/02/2022;0000000417
1236;Não;01;Sim;11/02/2022;0000000418
1237;Não;10;Sim;15/06/2022;0000000935
1238;Não;01;Sim;11/02/2022;0000000429
1239;Não;01;Sim;11/02/2022;0000000411
1240;Não;01;Nao;//;
1241;Não;01;Sim;11/02/2022;0000000416
1242;Não;10;Sim;09/06/2022;0000000740
1243;Não;14;Sim;10/06/2022;0000000754
1244;Não;01;Sim;11/02/2022;0000000419
1245;Não;01;Sim;11/02/2022;0000000430
1246;Não;01;Sim;31/01/2023;0000001585
1247;Não;01;Sim;11/02/2022;0000000420
1248;Não;01;Sim;11/02/2022;0000000435
1249;Não;01;Sim;11/02/2022;0000000427
1250;Não;01;Sim;11/02/2022;0000000426
1251;Não;14;Sim;10/06/2022;0000000758
1252;Não;14;Sim;10/06/2022;0000000759
1253;Não;01;Sim;11/02/2022;0000000414
1254;Não;01;Sim;11/02/2022;0000000415
1255;Não;10;Sim;19/01/2022;0000000032
1256;Não;01;Sim;11/02/2022;0000000433
1257;Não;01;Sim;11/02/2022;0000000409
1258;Não;10;Sim;19/01/2022;0000000031
1259;Não;01;Sim;11/02/2022;0000000432
1260;Não;01;Sim;11/02/2022;0000000410
1261;Não;01;Sim;11/02/2022;0000000412
1262;Não;10;Sim;09/06/2022;0000000743
1263;Não;10;Sim;09/06/2022;0000000744
1264;Não;10;Nao;//;
1265;Não;14;Sim;09/06/2022;0000000753
1269;Não;01;Nao;//;
1270;Não;12;Sim;10/06/2022;0000000770
1271;Não;12;Nao;//;
1272;Não;12;Nao;//;
1273;Não;14;Sim;04/02/2022;0000000259
1274;Não;01;Sim;09/06/2022;0000000747
1275;Não;14;Sim;10/06/2022;0000000771
1276;Não;12;Sim;10/06/2022;0000000780
1277;Não;12;Sim;10/06/2022;0000000780
1278;Não;10;Sim;13/06/2022;0000000804
1279;Não;10;Sim;13/06/2022;0000000805
1280;Não;10;Sim;13/06/2022;0000000806
1281;Não;10;Sim;13/06/2022;0000000807
1282;Não;10;Sim;13/06/2022;0000000808
1283;Não;10;Sim;13/06/2022;0000000809
1284;Não;10;Sim;13/06/2022;0000000810
1285;Não;10;Sim;13/06/2022;0000000811
1286;Não;10;Sim;13/06/2022;0000000813
1287;Não;10;Sim;13/06/2022;0000000814
1288;Não;10;Sim;13/06/2022;0000000815
1289;Não;10;Sim;13/06/2022;0000000832
1290;Não;10;Sim;13/06/2022;0000000818
1291;Não;10;Sim;13/06/2022;0000000820
1292;Não;01;Sim;13/06/2022;0000000818
1293;Não;10;Sim;13/06/2022;0000000817
1294;Não;10;Sim;13/06/2022;0000000821
1295;Não;08;Sim;13/06/2022;0000000823
1296;Não;10;Sim;13/06/2022;0000000824
1297;Não;10;Sim;13/06/2022;0000000829
1298;Não;10;Sim;13/06/2022;0000000831
1299;Não;10;Nao;//;
13;;01;Sim;17/01/2022;0000000021
1300;Não;10;Sim;13/06/2022;0000000833
1301;Não;01;Sim;13/06/2022;0000000834
1302;Não;02;Sim;13/06/2022;0000000835
Etiqueta;Bloqueado?;Local;Emuso;DataVinculo;Cod.Item
1303;Não;10;Sim;13/06/2022;0000000836
1304;Não;10;Sim;13/06/2022;0000000837
1305;Não;10;Sim;13/06/2022;0000000838
1306;Não;10;Sim;13/06/2022;0000000840
1307;Não;10;Sim;13/06/2022;0000000841
1308;Não;10;Sim;13/06/2022;0000000839
1309;Não;10;Sim;13/06/2022;0000000842
1310;Não;10;Sim;13/06/2022;0000000843
1311;Não;10;Sim;13/06/2022;0000000844
1312;Não;10;Sim;13/06/2022;0000000845
1313;Não;10;Sim;13/06/2022;0000000846
1314;Não;10;Sim;13/06/2022;0000000847
1315;Não;10;Sim;13/06/2022;0000000848
1316;Não;10;Sim;13/06/2022;0000000849
1317;Não;10;Sim;13/06/2022;0000000851
1318;Não;10;Sim;13/06/2022;0000000852
1319;Não;10;Sim;13/06/2022;0000000853
1320;Não;10;Sim;13/06/2022;0000000854
1321;Não;10;Sim;13/06/2022;0000000855
1322;Não;10;Sim;13/06/2022;0000000856
1323;Não;10;Sim;13/06/2022;0000000857
1324;Não;10;Sim;13/06/2022;0000000858
1325;Não;10;Sim;13/06/2022;0000000859
1326;Não;10;Sim;14/06/2022;0000000862
1327;Não;10;Sim;15/06/2022;0000000905
1328;Não;10;Nao;//;
1329;Não;10;Nao;//;
1330;Não;10;Sim;19/01/2023;0000001531
1332;Não;01;Sim;25/10/2022;0000001341
1333;Não;10;Sim;15/06/2022;0000000931
1335;Não;01;Sim;15/06/2022;0000000934
1337;Não;01;Sim;22/06/2022;0000000970
1338;Não;01;Sim;15/06/2022;0000000936
1339;Não;12;Sim;15/06/2022;0000000937
1340;Não;01;Sim;15/06/2022;0000000938
1341;Não;14;Sim;17/06/2022;0000000943
1342;;01;Sim;27/01/2023;0000001574
1343;;01;Sim;27/01/2023;0000001572
1344;;01;Sim;27/01/2023;0000001571
1345;;01;Sim;27/01/2023;0000001570
1346;Não;10;Sim;27/01/2023;0000001573
1348;Não;01;Sim;17/06/2022;0000000945
1349;Não;01;Sim;17/06/2022;0000000946
1350;Não;01;Sim;17/06/2022;0000000947
1351;Não;01;Sim;17/06/2022;0000000948
1352;Não;01;Sim;17/06/2022;0000000949
1353;Não;01;Sim;17/06/2022;0000000950
1354;Não;01;Sim;17/06/2022;0000000951
1355;Não;01;Sim;17/06/2022;0000000952
1356;Não;01;Sim;17/06/2022;0000000953
1357;Não;01;Sim;17/06/2022;0000000954
1358;Não;01;Sim;17/06/2022;0000000956
1359;Não;01;Sim;20/06/2022;0000000963
1360;Não;01;Sim;20/06/2022;0000000964
1361;Não;01;Nao;//;
1362;Não;01;Sim;21/06/2022;0000000968
1363;Não;01;Sim;21/06/2022;0000000969
1364;Não;01;Sim;11/10/2022;0000001187
1365;Não;01;Sim;11/10/2022;0000001189
1366;Não;01;Sim;11/10/2022;0000001188
1367;Não;01;Sim;11/10/2022;0000001190
1368;Não;01;Sim;11/10/2022;0000001191
1369;Não;01;Sim;11/10/2022;0000001192
1370;Não;01;Sim;11/10/2022;0000001193
1371;Não;01;Sim;11/10/2022;0000001194
1372;Não;01;Sim;11/10/2022;0000001195
1373;Não;01;Sim;11/10/2022;0000001196
1374;Não;01;Sim;11/10/2022;0000001197
1375;Não;01;Sim;11/10/2022;0000001198
1376;Não;01;Sim;11/10/2022;0000001199
1377;Não;01;Sim;11/10/2022;0000001200
1378;Não;01;Sim;11/10/2022;0000001201
1379;Não;01;Sim;11/10/2022;0000001202
1380;Não;01;Sim;11/10/2022;0000001203
1381;Não;01;Nao;//;
1382;Não;01;Nao;//;
1383;Não;01;Nao;//;
1384;Não;01;Sim;11/10/2022;0000001216
1385;Não;01;Sim;11/10/2022;0000001217
1386;Não;01;Sim;11/10/2022;0000001218
1387;Não;01;Sim;11/10/2022;0000001219
1388;Não;01;Sim;13/10/2022;0000001246
1390;Não;01;Sim;11/10/2022;0000001206
1391;Não;01;Sim;11/10/2022;0000001207
1392;Não;01;Sim;11/10/2022;0000001208
Etiqueta;Bloqueado?;Local;Emuso;DataVinculo;Cod.Item
1393;Não;01;Sim;11/10/2022;0000001209
1394;Não;01;Sim;11/10/2022;0000001210
1395;Não;01;Sim;11/10/2022;0000001211
1396;Não;01;Sim;11/10/2022;0000001212
1397;Não;01;Sim;11/10/2022;0000001213
1398;Não;01;Nao;//;
1399;Não;01;Sim;11/10/2022;0000001214
14;;01;Nao;//;
1400;Não;01;Sim;11/10/2022;0000001215
1401;Não;01;Sim;11/10/2022;0000001220
1402;Não;01;Sim;11/10/2022;0000001221
1403;Não;01;Sim;11/10/2022;0000001222
1404;Não;01;Sim;11/10/2022;0000001223
1405;Não;01;Sim;11/10/2022;0000001224
1406;Não;01;Sim;11/10/2022;0000001225
1407;Não;01;Nao;//;
1408;Não;01;Sim;11/10/2022;0000001226
1409;Não;01;Sim;11/10/2022;0000001227
1411;Não;10;Sim;08/11/2022;0000001408
1412;Não;01;Sim;23/06/2022;0000000971
1413;Não;01;Nao;//;
1414;Não;01;Sim;26/10/2022;0000001348
1415;Não;01;Sim;26/10/2022;0000001349
1416;Não;01;Sim;26/10/2022;0000001350
1417;Não;01;Sim;26/10/2022;0000001351
1418;Não;01;Sim;26/10/2022;0000001352
1419;Não;01;Sim;26/10/2022;0000001353
1420;Não;01;Sim;26/10/2022;0000001354
1421;Não;01;Sim;26/10/2022;0000001355
1422;Não;01;Sim;16/01/2023;0000001505
1423;Não;01;Sim;11/10/2022;0000001181
1424;Não;01;Sim;11/10/2022;0000001182
1425;Não;01;Nao;//;
1426;Não;01;Sim;11/10/2022;0000001183
1427;Não;01;Sim;11/10/2022;0000001184
1428;Não;01;Sim;11/10/2022;0000001186
1429;Não;01;Sim;11/10/2022;0000001186
1442;Não;01;Sim;10/02/2022;0000000364
1446;Não;12;Sim;12/12/2022;0000001478
1447;Não;12;Sim;12/12/2022;0000001479
1448;Não;12;Sim;12/12/2022;0000001475
1449;Não;12;Sim;12/12/2022;0000001476
1450;Não;10;Sim;01/11/2022;0000001382
1451;Não;01;Sim;24/10/2022;0000001312
1452;Não;01;Sim;24/10/2022;0000001308
1453;Não;01;Sim;17/10/2022;0000001286
1454;Não;01;Sim;17/10/2022;0000001287
1455;Não;10;Sim;08/11/2022;0000001454
1456;Não;01;Sim;17/10/2022;0000001285
1457;Não;01;Sim;18/01/2023;0000001524
1458;Não;01;Sim;18/01/2023;0000001523
1459;Não;01;Sim;24/10/2022;0000001305
1460;Não;01;Sim;13/10/2022;0000001233
1463;Não;01;Sim;24/10/2022;0000001325
1468;Não;01;Sim;24/10/2022;0000001316
1470;Não;10;Sim;01/11/2022;0000001363
1481;Não;12;Sim;12/12/2022;0000001473
1485;Não;01;Nao;//;
1486;Não;12;Sim;13/12/2022;0000001480
1489;Não;01;Sim;03/10/2022;0000001162
1490;Não;01;Sim;24/10/2022;0000001324
1491;Não;01;Sim;24/10/2022;0000001323
1492;Não;01;Sim;11/10/2022;0000001165
1493;Não;01;Sim;11/10/2022;0000001166
1494;Não;01;Sim;11/10/2022;0000001167
1495;Não;01;Sim;11/10/2022;0000001168
1496;Não;01;Sim;11/10/2022;0000001169
1497;Não;01;Sim;30/01/2023;0000001583
1498;Não;01;Sim;11/10/2022;0000001170
1499;Não;01;Sim;11/10/2022;0000001172
15;;01;Nao;//;
1500;Não;01;Sim;11/10/2022;0000001173
1501;Não;01;Sim;11/10/2022;0000001174
1502;Não;01;Sim;11/10/2022;0000001175
1503;Não;01;Sim;11/10/2022;0000001176
1504;Não;01;Sim;11/10/2022;0000001177
1505;Não;01;Sim;11/10/2022;0000001178
1506;Não;01;Sim;11/10/2022;0000001179
1507;Não;01;Sim;11/10/2022;0000001180
1508;Não;01;Sim;17/10/2022;0000001257
1509;Não;01;Sim;17/10/2022;0000001258
151;Não;01;Sim;24/01/2022;0000000166
1510;Não;01;Sim;17/10/2022;0000001259
1511;Não;01;Sim;17/10/2022;0000001260
1512;Não;01;Sim;17/10/2022;0000001261
Etiqueta;Bloqueado?;Local;Emuso;DataVinculo;Cod.Item
1513;Não;01;Sim;17/10/2022;0000001262
1514;Não;01;Sim;17/10/2022;0000001263
1515;Não;01;Sim;17/10/2022;0000001264
1516;Não;01;Sim;17/10/2022;0000001265
1517;Não;01;Sim;17/10/2022;0000001266
1518;Não;01;Sim;17/10/2022;0000001267
1519;Não;01;Sim;17/10/2022;0000001269
152;Não;01;Sim;24/01/2022;0000000168
1520;Não;01;Sim;10/02/2022;0000000375
1521;Não;01;Sim;17/10/2022;0000001270
1522;Não;01;Sim;17/10/2022;0000001271
1523;Não;01;Sim;17/10/2022;0000001272
1524;Não;01;Sim;17/10/2022;0000001273
1525;Não;01;Sim;24/10/2022;0000001319
1526;Não;01;Sim;24/10/2022;0000001317
1527;Não;01;Sim;24/10/2022;0000001318
1528;Não;01;Sim;17/10/2022;0000001277
1529;Não;01;Sim;17/10/2022;0000001278
153;Não;01;Sim;24/01/2022;0000000169
1530;Não;01;Sim;17/10/2022;0000001279
1531;Não;01;Sim;17/10/2022;0000001281
1532;Não;01;Sim;17/10/2022;0000001282
1533;Não;01;Sim;17/10/2022;0000001283
1534;Não;01;Sim;17/10/2022;0000001284
1535;Não;01;Sim;24/10/2022;0000001320
1536;Não;01;Sim;24/10/2022;0000001321
1537;Não;01;Sim;24/10/2022;0000001322
1538;Não;01;Sim;24/10/2022;0000001326
1539;Não;01;Sim;24/10/2022;0000001327
154;Não;01;Sim;24/01/2022;0000000170
1540;Não;01;Sim;24/10/2022;0000001328
1541;Não;01;Sim;24/10/2022;0000001329
1542;Não;01;Sim;25/10/2022;0000001340
1543;Não;01;Sim;26/10/2022;0000001356
1544;Não;01;Sim;26/10/2022;0000001357
1545;Não;01;Sim;26/10/2022;0000001358
1546;Não;01;Sim;26/10/2022;0000001359
1547;Não;01;Sim;31/01/2023;0000001586
1548;Não;01;Sim;01/11/2022;0000001360
1549;Não;01;Sim;01/11/2022;0000001361
155;Não;01;Sim;24/01/2022;0000000174
1550;Não;01;Sim;01/11/2022;0000001362
1551;Não;01;Sim;01/11/2022;0000001364
1552;Não;01;Sim;01/11/2022;0000001365
1553;Não;01;Sim;01/11/2022;0000001366
1554;Não;01;Sim;01/11/2022;0000001367
1555;Não;10;Sim;01/11/2022;0000001369
1556;Não;01;Sim;01/11/2022;0000001368
1557;Não;01;Sim;01/11/2022;0000001370
1558;Não;01;Sim;01/11/2022;0000001371
1559;Não;01;Sim;01/11/2022;0000001373
156;Não;02;Nao;//;
1560;Não;01;Sim;01/11/2022;0000001376
1561;Não;01;Sim;01/11/2022;0000001381
1562;Não;01;Sim;01/11/2022;0000001383
1563;Não;02;Sim;01/11/2022;0000001388
1564;Não;10;Sim;01/11/2022;0000001390
1565;Não;10;Sim;01/11/2022;0000001391
1566;Não;10;Nao;//;
1567;Não;10;Nao;//;
1568;Não;10;Sim;01/11/2022;0000001394
1569;Não;10;Sim;01/11/2022;0000001395
157;Não;01;Sim;15/06/2022;0000000904
1570;Não;10;Sim;01/11/2022;0000001397
1571;Não;10;Sim;01/11/2022;0000001396
1572;Não;10;Sim;01/11/2022;0000001398
1573;Não;10;Sim;01/11/2022;0000001399
1574;Não;10;Sim;01/11/2022;0000001400
1575;Não;10;Sim;07/11/2022;0000001403
1576;Não;10;Sim;07/11/2022;0000001402
1577;Não;10;Sim;07/11/2022;0000001404
1578;Não;10;Sim;07/11/2022;0000001406
1579;Não;10;Sim;07/11/2022;0000001405
158;Não;01;Sim;24/01/2022;0000000171
1580;Não;10;Sim;08/11/2022;0000001413
1581;Não;10;Sim;08/11/2022;0000001414
1582;Não;10;Sim;08/11/2022;0000001415
1583;Não;10;Sim;08/11/2022;0000001419
1584;Não;01;Sim;08/11/2022;0000001416
1585;Não;10;Sim;08/11/2022;0000001422
1586;Não;10;Sim;08/11/2022;0000001421
1587;Não;10;Sim;08/11/2022;0000001420
1588;Não;01;Sim;08/11/2022;0000001417
1589;Não;10;Sim;08/11/2022;0000001424
159;Não;01;Sim;24/01/2022;0000000176
Etiqueta;Bloqueado?;Local;Emuso;DataVinculo;Cod.Item
1590;Não;10;Sim;08/11/2022;0000001423
1591;Não;10;Sim;08/11/2022;0000001418
1592;Não;10;Nao;//;
1593;Não;10;Sim;08/11/2022;0000001425
1594;Não;10;Sim;08/11/2022;0000001426
1595;Não;10;Sim;08/11/2022;0000001427
1596;Não;10;Nao;//;
1597;Não;10;Sim;08/11/2022;0000001428
1598;Não;10;Nao;//;
1599;Não;10;Sim;08/11/2022;0000001429
16;;01;Nao;//;
160;Não;01;Sim;24/01/2022;0000000177
1600;Não;01;Sim;08/11/2022;0000001431
1601;Não;10;Sim;08/11/2022;0000001432
1602;Não;10;Sim;08/11/2022;0000001430
1603;Não;10;Sim;08/11/2022;0000001433
1604;Não;10;Sim;08/11/2022;0000001434
1605;Não;10;Sim;08/11/2022;0000001435
1606;Não;10;Sim;08/11/2022;0000001436
1607;Não;10;Sim;08/11/2022;0000001437
1608;Não;10;Sim;08/11/2022;0000001439
1609;Não;10;Sim;08/11/2022;0000001440
161;Não;01;Sim;25/01/2022;0000000181
1610;Não;10;Sim;08/11/2022;0000001441
1611;Não;10;Sim;08/11/2022;0000001442
1612;Não;10;Sim;08/11/2022;0000001443
1613;Não;10;Sim;08/11/2022;0000001444
1614;Não;10;Sim;08/11/2022;0000001445
1615;Não;10;Sim;08/11/2022;0000001446
1616;Não;10;Sim;08/11/2022;0000001447
1617;Não;10;Nao;//;
1618;Não;10;Sim;08/11/2022;0000001448
1619;Não;10;Sim;08/11/2022;0000001449
162;Não;01;Sim;25/01/2022;0000000182
1620;Não;10;Sim;08/11/2022;0000001450
1621;Não;10;Sim;08/11/2022;0000001451
1622;Não;01;Sim;02/02/2023;0000001597
1629;Não;01;Sim;23/01/2023;0000001563
163;Não;01;Sim;24/01/2022;0000000173
1630;Não;14;Sim;14/12/2022;0000001487
1631;Não;01;Sim;14/12/2022;0000001488
1632;Não;14;Nao;//;
1633;Não;14;Nao;//;
1634;Não;14;Nao;//;
1635;Não;14;Nao;//;
1636;Não;14;Nao;//;
1637;Não;14;Nao;//;
1638;Não;14;Nao;//;
1639;Não;14;Nao;//;
164;Não;01;Sim;24/01/2022;0000000172
1640;Não;01;Nao;//;
1641;Não;01;Nao;//;
1642;Não;01;Nao;//;
1645;Não;01;Nao;//;
1647;Não;01;Nao;//;
1648;Não;01;Nao;//;
1649;Não;01;Nao;//;
165;Não;01;Sim;25/01/2022;0000000183
1650;Não;01;Nao;//;
1651;Não;01;Nao;//;
1653;Não;01;Nao;//;
1654;Não;01;Nao;//;
1655;Não;01;Nao;//;
1656;Não;02;Sim;01/11/2022;0000001372
1657;Não;01;Nao;//;
1658;Não;01;Nao;//;
1659;Não;01;Nao;//;
166;Não;01;Sim;25/01/2022;0000000184
1663;Não;01;Nao;//;
1664;Não;01;Nao;//;
1665;Não;01;Nao;//;
1666;Não;01;Nao;//;
1667;Não;01;Nao;//;
1668;Não;14;Nao;//;
1669;Não;01;Nao;//;
167;Não;01;Sim;25/01/2022;0000000204
1670;Não;01;Nao;//;
1671;Não;01;Nao;//;
1672;Não;01;Nao;//;
1673;Não;01;Nao;//;
1674;Não;01;Nao;//;
1675;Não;01;Nao;//;
168;Não;01;Sim;25/01/2022;0000000203
1683;Não;01;Sim;19/01/2023;0000001552
1686;Não;01;Sim;19/01/2023;0000001551
Etiqueta;Bloqueado?;Local;Emuso;DataVinculo;Cod.Item
1689;Não;01;Sim;19/01/2023;0000001550
169;Não;01;Sim;26/01/2022;0000000207
1690;Não;12;Sim;22/11/2022;0000001457
1691;Não;12;Sim;22/11/2022;0000001458
1699;Não;01;Sim;17/01/2023;0000001515
17;;01;Nao;//;
170;Não;01;Sim;24/01/2022;0000000167
1701;Não;12;Sim;17/01/2023;0000001511
1702;Não;12;Sim;17/01/2023;0000001512
1703;;01;Sim;17/01/2023;0000001513
1704;;01;Sim;17/01/2023;0000001514
1707;Não;12;Sim;17/01/2023;0000001510
1708;Não;12;Sim;18/01/2023;0000001519
1709;Não;01;Sim;19/01/2023;0000001532
171;Não;01;Sim;26/01/2022;0000000208
1710;;01;Sim;19/01/2023;0000001534
1711;;01;Sim;19/01/2023;0000001535
1712;;01;Sim;19/01/2023;0000001536
1713;;01;Sim;19/01/2023;0000001537
1714;;01;Sim;19/01/2023;0000001538
1715;;01;Sim;19/01/2023;0000001539
1716;;01;Sim;19/01/2023;0000001540
1717;;01;Sim;19/01/2023;0000001541
1718;;01;Sim;19/01/2023;0000001542
1719;;01;Sim;19/01/2023;0000001543
172;Não;01;Sim;26/01/2022;0000000209
1720;;01;Sim;19/01/2023;0000001544
1721;Não;01;Sim;11/01/2023;0000001490
1722;Não;01;Sim;11/01/2023;0000001491
1723;Não;01;Sim;19/01/2023;0000001553
1724;Não;01;Sim;19/01/2023;0000001556
1725;Não;01;Nao;//;
1726;Não;01;Sim;19/01/2023;0000001557
1727;;01;Sim;13/01/2023;0000001493
1728;;01;Sim;13/01/2023;0000001495
1729;;01;Sim;13/01/2023;0000001497
173;Não;01;Sim;26/01/2022;0000000212
1730;;01;Sim;13/01/2023;0000001499
1731;;01;Sim;13/01/2023;0000001500
1732;;01;Sim;13/01/2023;0000001501
1733;Não;01;Sim;19/01/2023;0000001558
1735;;01;Sim;16/01/2023;0000001503
1736;;01;Sim;16/01/2023;0000001504
1737;;01;Sim;16/01/2023;0000001506
1738;;01;Sim;16/01/2023;0000001508
1739;Não;01;Sim;17/01/2023;0000001509
174;Não;01;Sim;26/01/2022;0000000213
1740;Não;12;Sim;18/01/2023;0000001517
1741;Não;01;Sim;18/01/2023;0000001525
1742;Não;01;Sim;18/01/2023;0000001526
1743;Não;01;Sim;19/01/2023;0000001546
1744;Não;01;Sim;19/01/2023;0000001547
1745;Não;01;Sim;19/01/2023;0000001548
1746;Não;01;Sim;19/01/2023;0000001549
1747;Não;01;Sim;20/01/2023;0000001560
1748;Não;27;Sim;20/01/2023;0000001561
1749;Não;01;Sim;23/01/2023;0000001564
175;Não;01;Nao;//;
1750;;01;Sim;10/02/2022;0000000351
1751;;01;Sim;24/01/2023;0000001568
1752;Não;01;Sim;24/01/2023;0000001565
1753;Não;01;Sim;24/01/2023;0000001569
1754;Não;01;Sim;27/01/2023;0000001575
1755;Não;01;Sim;27/01/2023;0000001576
1756;Não;01;Sim;27/01/2023;0000001577
1757;Não;01;Sim;27/01/2023;0000001578
1758;Não;01;Sim;27/01/2023;0000001579
1759;Não;01;Sim;27/01/2023;0000001580
176;Não;01;Nao;//;
1760;;01;Sim;30/01/2023;0000001581
1761;;01;Sim;30/01/2023;0000001582
1762;Não;01;Sim;30/01/2023;0000001584
1765;Não;01;Sim;01/02/2023;0000001587
1766;Não;01;Sim;01/02/2023;0000001588
1767;Não;01;Sim;01/02/2023;0000001590
1768;Não;01;Sim;01/02/2023;0000001591
1769;Não;01;Sim;01/02/2023;0000001592
177;Não;01;Nao;//;
1770;Não;01;Sim;01/02/2023;0000001593
1771;Não;01;Sim;02/02/2023;0000001595
1772;Não;01;Sim;03/02/2023;0000001599
1773;;01;Sim;03/02/2023;0000001600
1774;;01;Sim;03/02/2023;0000001602
1775;;01;Sim;03/02/2023;0000001603
1776;;01;Sim;03/02/2023;0000001604
Etiqueta;Bloqueado?;Local;Emuso;DataVinculo;Cod.Item
1777;;01;Sim;03/02/2023;0000001605
1778;;01;Sim;03/02/2023;0000001606
1779;;01;Sim;03/02/2023;0000001607
178;Não;01;Nao;//;
1780;;01;Sim;03/02/2023;0000001608
1781;Não;01;Sim;06/02/2023;0000001618
1782;;01;Sim;06/02/2023;0000001619
1783;;01;Sim;06/02/2023;0000001620
1784;;01;Sim;07/02/2023;0000001621
1785;;01;Sim;07/02/2023;0000001622
1786;;01;Sim;07/02/2023;0000001623
1787;;01;Sim;07/02/2023;0000001624
1788;;01;Sim;09/02/2023;0000001628
1789;;01;Sim;09/02/2023;0000001627
179;Não;01;Nao;//;
18;;01;Nao;//;
180;Não;01;Nao;//;
181;Não;01;Sim;24/01/2022;0000000165
182;Não;02;Sim;24/01/2022;0000000160
183;Não;01;Sim;24/01/2022;0000000164
184;Não;01;Sim;26/01/2022;0000000214
19;;01;Nao;//;
190;Não;01;Nao;//;
191;Não;14;Nao;//;
192;Não;14;Sim;24/01/2022;0000000180
20;;01;Nao;//;
200;Não;01;Nao;//;
201;Não;01;Nao;//;
21;;01;Nao;//;
22;;01;Nao;//;
23;;01;Nao;//;
24;;01;Nao;//;
25;;01;Nao;//;
26;;01;Nao;//;
27;;01;Nao;//;
28;;01;Nao;//;
29;;01;Nao;//;
30;;01;Nao;//;
31;;01;Nao;//;
32;;01;Nao;//;
321;Não;05;Nao;//;
33;;01;Nao;//;
34;;01;Nao;//;
35;;01;Nao;//;
36;;01;Nao;//;
37;;01;Nao;//;
38;;01;Nao;//;
39;;01;Nao;//;
40;;01;Nao;//;
400;Não;01;Nao;//;
4000;Não;02;Sim;20/07/2022;0000001017
401;Não;01;Nao;//;
4021;Não;01;Sim;10/02/2022;0000000406
4036;Não;03;Sim;24/08/2022;0000001155
4037;Não;17;Sim;24/08/2022;0000001154
4038;Não;03;Sim;24/08/2022;0000001153
4042;Não;18;Sim;15/06/2022;0000000909
4050;Não;02;Sim;24/08/2022;0000001151
4051;Não;01;Sim;02/03/2022;0000000570
4053;Não;02;Sim;15/06/2022;0000000929
4055;Não;02;Sim;18/08/2022;0000001132
4056;Não;01;Sim;24/01/2022;0000000159
4069;Não;01;Sim;04/10/2022;0000001163
4076;Não;18;Sim;15/06/2022;0000000907
4080;Não;20;Sim;19/08/2022;0000001149
4082;Não;20;Sim;24/08/2022;0000001150
4092;Não;18;Sim;17/08/2022;0000001075
4093;Não;17;Sim;15/06/2022;0000000915
4094;Não;17;Sim;15/06/2022;0000000918
4097;Não;17;Sim;15/06/2022;0000000924
4098;Não;17;Sim;15/06/2022;0000000912
41;;01;Nao;//;
4117;Não;02;Sim;18/08/2022;0000001115
4123;Não;16;Sim;17/08/2022;0000001089
4145;Não;17;Sim;25/05/2022;0000000631
4146;Não;16;Sim;17/08/2022;0000001082
4147;Não;01;Nao;//;
4149;Não;03;Sim;19/08/2022;0000001148
4152;Não;17;Sim;06/07/2022;0000000976
4157;Não;01;Sim;11/10/2022;0000001204
4160;Não;02;Sim;18/08/2022;0000001117
4161;Não;02;Sim;18/08/2022;0000001113
4163;Não;01;Sim;30/11/2022;0000001460
4165;Não;02;Sim;24/08/2022;0000001152
4171;Não;01;Nao;//;
Etiqueta;Bloqueado?;Local;Emuso;DataVinculo;Cod.Item
4180;Não;01;Sim;03/02/2023;0000001609
4183;Não;12;Sim;08/06/2022;0000000654
4184;Não;12;Sim;19/05/2022;0000000623
4185;Não;01;Sim;19/01/2023;0000001545
42;;01;Nao;//;
4201;Não;02;Sim;06/10/2021;0000000006
4204;Não;25;Sim;19/08/2022;0000001147
4208;Não;01;Sim;02/02/2023;0000001594
4210;Não;01;Sim;04/02/2022;0000000244
4214;Não;02;Sim;22/09/2021;0000000005
4220;Não;17;Sim;10/06/2022;0000000784
4223;Não;01;Nao;//;
4227;Não;17;Sim;15/06/2022;0000000923
4228;Não;17;Sim;18/08/2022;0000001128
4229;Não;17;Sim;18/08/2022;0000001127
4230;Não;17;Sim;18/08/2022;0000001126
4234;Não;01;Sim;01/02/2023;0000001589
4236;Não;01;Sim;24/10/2022;0000001314
4237;Não;01;Sim;24/10/2022;0000001315
4239;Não;17;Sim;10/06/2022;0000000787
4246;Não;17;Sim;10/06/2022;0000000783
4251;Não;01;Sim;17/06/2022;0000000940
4253;Não;01;Sim;17/06/2022;0000000941
4255;Não;17;Sim;13/07/2022;0000000981
4258;Não;02;Sim;06/07/2022;0000000977
4259;Não;01;Sim;03/02/2023;0000001610
4260;Não;02;Sim;19/08/2022;0000001146
4278;Não;02;Sim;18/08/2022;0000001105
4289;Não;02;Sim;15/06/2022;0000000906
43;;01;Nao;//;
4310;Não;02;Sim;23/02/2022;0000000543
4311;Não;;Sim;23/02/2022;0000000544
4320;Não;17;Sim;25/05/2022;0000000629
4325;Não;02;Sim;19/08/2022;0000001145
4327;Não;18;Sim;15/06/2022;0000000926
4328;Não;02;Nao;//;
4329;Não;18;Sim;17/08/2022;0000001074
4332;Não;16;Nao;//;
4333;Não;12;Sim;19/05/2022;0000000624
4334;Não;12;Sim;08/06/2022;0000000653
4336;Não;01;Sim;10/02/2022;0000000351
4337;Não;01;Sim;10/02/2022;0000000352
4338;Não;01;Sim;10/02/2022;0000000354
4339;Não;02;Sim;15/06/2022;0000000928
4343;Não;02;Sim;15/06/2022;0000000930
4364;Não;18;Sim;06/07/2022;0000000973
4378;Não;22;Sim;12/08/2022;0000001069
4384;Não;13;Sim;19/08/2022;0000001142
4389;Não;13;Sim;19/08/2022;0000001141
44;;01;Nao;//;
4418;Não;01;Sim;21/01/2022;0000000130
4419;Não;01;Sim;21/01/2022;0000000131
4420;Não;01;Sim;21/01/2022;0000000132
4421;Não;01;Sim;21/01/2022;0000000133
4458;Não;01;Sim;24/10/2022;0000001303
4473;Não;02;Sim;17/08/2022;0000001101
4496;Não;02;Sim;15/07/2022;0000000991
4497;Não;02;Sim;15/07/2022;0000000992
4498;Não;18;Sim;15/07/2022;0000000994
4499;Não;02;Sim;15/07/2022;0000000995
45;;01;Nao;//;
4519;Não;01;Sim;13/10/2022;0000001255
4521;Não;01;Sim;13/10/2022;0000001256
4556;Não;02;Sim;20/09/2022;0000001160
4557;Não;01;Sim;24/10/2022;0000001304
4579;Não;10;Sim;09/06/2022;0000000700
4581;Não;01;Sim;26/01/2022;0000000211
46;;01;Nao;//;
4609;Não;17;Sim;17/08/2022;0000001088
4611;Não;01;Sim;17/08/2022;0000001093
4614;Não;17;Sim;17/08/2022;0000001092
4618;Não;21;Sim;20/07/2022;0000001013
4622;Não;18;Nao;//;
4632;Não;02;Sim;20/07/2022;0000001024
4633;Não;02;Sim;20/07/2022;0000001028
4634;Não;02;Sim;20/07/2022;0000001025
4635;Não;02;Sim;20/07/2022;0000001026
4636;Não;02;Sim;20/07/2022;0000001022
4637;Não;02;Sim;20/07/2022;0000001030
4638;Não;02;Sim;20/07/2022;0000001023
4639;Não;02;Sim;20/07/2022;0000001027
4641;Não;13;Sim;18/08/2022;0000001137
4642;Não;13;Sim;18/08/2022;0000001134
4643;Não;13;Sim;18/08/2022;0000001131
4644;Não;13;Sim;18/08/2022;0000001129
Etiqueta;Bloqueado?;Local;Emuso;DataVinculo;Cod.Item
4652;Não;18;Sim;17/08/2022;0000001094
4662;Não;02;Sim;20/07/2022;0000001021
4663;Não;03;Sim;17/08/2022;0000001095
4664;Não;13;Sim;20/09/2022;0000001156
4665;Não;18;Sim;13/07/2022;0000000980
4666;Não;18;Sim;13/07/2022;0000000979
4667;Não;03;Sim;17/08/2022;0000001081
4668;Não;03;Sim;12/08/2022;0000001071
4669;Não;03;Sim;20/07/2022;0000001033
4670;Não;23;Sim;17/08/2022;0000001079
4671;Não;23;Sim;17/08/2022;0000001078
4674;Não;17;Sim;15/07/2022;0000000996
4675;Não;17;Sim;20/07/2022;0000001008
4679;Não;02;Sim;17/08/2022;0000001073
4683;Não;02;Sim;18/08/2022;0000001130
4684;Não;03;Sim;19/08/2022;0000001144
4685;Não;03;Sim;19/08/2022;0000001143
4686;Não;02;Sim;20/07/2022;0000001020
4687;Não;02;Sim;20/09/2022;0000001161
4690;Não;17;Sim;17/08/2022;0000001072
4692;Não;17;Sim;25/05/2022;0000000632
4693;Não;02;Sim;09/11/2022;0000001456
4697;Não;17;Sim;20/07/2022;0000001031
4698;Não;17;Sim;20/07/2022;0000001032
4699;Não;03;Sim;10/05/2022;0000000618
47;;01;Nao;//;
4700;Não;03;Sim;10/05/2022;0000000617
4701;Não;03;Nao;//;
4702;Não;03;Nao;//;
4703;Não;03;Nao;//;
4704;Não;02;Sim;20/07/2022;0000001016
4705;Não;02;Sim;20/07/2022;0000001019
4707;Não;02;Sim;20/07/2022;0000001018
4711;Não;17;Sim;15/07/2022;0000000985
4712;Não;17;Sim;15/07/2022;0000000984
4713;Não;17;Sim;15/07/2022;0000000986
4717;Não;02;Sim;20/07/2022;0000001029
4722;Não;17;Sim;17/08/2022;0000001084
4723;Não;17;Sim;10/08/2022;0000001068
4725;Não;02;Sim;25/05/2022;0000000630
4726;Não;17;Sim;10/06/2022;0000000782
4727;Não;17;Sim;10/06/2022;0000000781
4728;Não;;Sim;17/08/2022;0000001077
4729;Não;;Sim;17/08/2022;0000001080
4730;Não;02;Sim;20/07/2022;0000001009
4732;Não;17;Sim;18/08/2022;0000001136
4733;Não;17;Sim;18/08/2022;0000001139
4734;Não;17;Sim;18/08/2022;0000001140
4735;Não;17;Sim;18/08/2022;0000001138
4739;Não;17;Sim;18/08/2022;0000001135
4745;Não;02;Sim;18/01/2023;0000001530
4758;Não;01;Sim;24/10/2022;0000001309
4759;Não;01;Sim;24/10/2022;0000001311
4760;Não;01;Sim;24/10/2022;0000001310
4761;Não;01;Sim;24/10/2022;0000001313
4771;Não;18;Sim;15/06/2022;0000000927
4772;Não;02;Sim;15/06/2022;0000000925
4773;Não;18;Sim;17/08/2022;0000001085
4774;Não;18;Sim;17/08/2022;0000001083
4775;Não;18;Sim;18/08/2022;0000001107
4779;Não;17;Sim;18/08/2022;0000001125
4780;Não;01;Sim;15/02/2022;0000000494
4781;Não;01;Sim;18/08/2022;0000001123
4782;Não;01;Sim;04/02/2022;0000000245
4787;Não;22;Sim;09/08/2022;0000001064
4790;Não;13;Sim;18/08/2022;0000001124
48;;01;Nao;//;
4809;Não;01;Sim;04/02/2022;0000000243
4813;Não;21;Sim;17/08/2022;0000001099
4817;Não;03;Nao;//;
4818;Não;03;Nao;//;
4819;Não;03;Nao;//;
4820;Não;01;Sim;10/08/2022;0000001067
4826;Não;22;Sim;12/08/2022;0000001070
4827;Não;22;Sim;09/08/2022;0000001066
4828;Não;02;Sim;09/08/2022;0000001065
4829;;02;Sim;23/02/2022;0000000555
4830;;02;Sim;01/11/2022;0000001375
4831;;02;Sim;25/02/2022;0000000557
4832;;02;Sim;01/11/2022;0000001374
4835;Não;13;Nao;//;
4844;Não;02;Sim;09/08/2022;0000001063
4847;Não;02;Sim;17/08/2022;0000001096
4848;Não;02;Sim;17/08/2022;0000001097
4850;Não;01;Sim;26/01/2022;0000000210
Etiqueta;Bloqueado?;Local;Emuso;DataVinculo;Cod.Item
4851;Não;02;Sim;09/08/2022;0000001062
4852;Não;02;Sim;18/01/2023;0000001529
4860;Não;17;Sim;18/08/2022;0000001103
4861;Não;02;Sim;13/07/2022;0000000983
4862;Não;02;Sim;13/07/2022;0000000982
4866;Não;17;Sim;09/08/2022;0000001061
4867;Não;02;Sim;05/08/2022;0000001043
4868;Não;02;Sim;05/08/2022;0000001044
4869;Não;01;Sim;06/05/2022;0000000603
4870;Não;01;Sim;06/05/2022;0000000594
4871;Não;01;Sim;06/05/2022;0000000595
4872;Não;01;Sim;06/05/2022;0000000596
4873;Não;01;Sim;06/05/2022;0000000597
4874;Não;01;Sim;06/05/2022;0000000599
4875;Não;01;Sim;06/05/2022;0000000598
4876;Não;01;Sim;06/05/2022;0000000600
4877;Não;01;Sim;06/05/2022;0000000601
4878;Não;01;Sim;06/05/2022;0000000602
4879;Não;02;Sim;18/08/2022;0000001119
4880;Não;01;Sim;05/08/2022;0000001041
4881;Não;01;Nao;//;
4882;Não;01;Sim;06/05/2022;0000000615
4883;Não;01;Sim;06/05/2022;0000000616
4884;Não;01;Sim;05/08/2022;0000001040
4885;Não;02;Sim;18/08/2022;0000001114
4886;Não;01;Sim;04/08/2022;0000001036
4887;Não;01;Sim;05/08/2022;0000001038
4888;Não;01;Sim;19/07/2022;0000001006
4889;Não;01;Sim;04/08/2022;0000001035
4890;Não;01;Sim;19/07/2022;0000001007
4891;Não;02;Sim;05/08/2022;0000001047
4892;Não;02;Sim;05/08/2022;0000001058
4893;Não;02;Sim;05/08/2022;0000001046
4895;Não;02;Sim;05/08/2022;0000001057
4896;Não;02;Sim;05/08/2022;0000001059
4897;Não;02;Nao;//;
4898;Não;02;Sim;15/06/2022;0000000921
4899;Não;02;Sim;05/08/2022;0000001060
49;;01;Nao;//;
4900;Não;12;Sim;13/06/2022;0000000801
4901;Não;02;Sim;05/08/2022;0000001048
4902;Não;02;Sim;05/08/2022;0000001051
4903;Não;02;Sim;05/08/2022;0000001049
4904;Não;02;Sim;05/08/2022;0000001050
4905;Não;02;Sim;05/08/2022;0000001052
4906;Não;02;Sim;05/08/2022;0000001053
4907;Não;02;Sim;05/08/2022;0000001054
4913;Não;12;Sim;12/12/2022;0000001472
4914;Não;12;Sim;12/12/2022;0000001474
4915;Não;12;Sim;12/12/2022;0000001471
4916;Não;01;Sim;06/05/2022;0000000591
4917;Não;01;Sim;06/05/2022;0000000592
4918;Não;01;Sim;06/05/2022;0000000593
4919;Não;01;Sim;24/10/2022;0000001306
4920;Não;01;Sim;03/02/2023;0000001611
4932;Não;02;Sim;17/08/2022;0000001086
4933;Não;18;Sim;18/08/2022;0000001111
4935;Não;03;Sim;20/07/2022;0000001011
4938;Não;02;Sim;03/02/2023;0000001613
4939;Não;20;Sim;19/07/2022;0000001003
4940;Não;02;Sim;19/07/2022;0000001002
4941;Não;02;Sim;19/07/2022;0000001001
4944;Não;01;Sim;17/08/2022;0000001100
4945;Não;01;Sim;17/08/2022;0000001098
4949;Não;01;Sim;18/08/2022;0000001122
4950;Não;01;Sim;18/08/2022;0000001120
4951;Não;13;Sim;20/07/2022;0000001014
5;;01;Sim;17/01/2022;0000000013
50;;01;Nao;//;
51;;01;Nao;//;
52;;01;Nao;//;
53;;01;Nao;//;
54;;01;Sim;20/01/2022;0000000081
55;;01;Nao;//;
56;;01;Nao;//;
57;;01;Sim;20/01/2022;0000000078
58;;01;Sim;20/01/2022;0000000077
59;;01;Sim;20/01/2022;0000000080
6;;01;Sim;17/01/2022;0000000014
60;;01;Nao;//;
61;;01;Nao;//;
62;;01;Nao;//;
63;;01;Sim;20/01/2022;0000000079
64;;01;Sim;20/01/2022;0000000115
65;;01;Sim;20/01/2022;0000000116
Etiqueta;Bloqueado?;Local;Emuso;DataVinculo;Cod.Item
66;;01;Sim;20/01/2022;0000000117
67;;01;Sim;20/01/2022;0000000118
68;;01;Sim;20/01/2022;0000000119
69;;01;Sim;20/01/2022;0000000120
694;Não;10;Sim;09/06/2022;0000000678
7;;01;Sim;17/01/2022;0000000015
70;;01;Sim;20/01/2022;0000000122
7011;Não;02;Sim;19/07/2022;0000001000
7015;Não;02;Sim;18/08/2022;0000001133
7017;Não;19;Sim;17/08/2022;0000001090
7018;Não;19;Sim;17/08/2022;0000001091
7019;Não;02;Sim;20/07/2022;0000001012
7023;Não;02;Sim;15/06/2022;0000000908
7025;Não;19;Sim;18/08/2022;0000001106
7026;Não;02;Sim;15/06/2022;0000000911
7028;Não;19;Sim;06/07/2022;0000000974
7036;Não;02;Sim;15/06/2022;0000000910
7037;Não;02;Sim;19/07/2022;0000000999
7038;Não;02;Sim;19/07/2022;0000000997
7039;Não;02;Sim;19/07/2022;0000000998
7040;Não;02;Sim;15/07/2022;0000000993
7044;Não;02;Sim;15/07/2022;0000000989
7045;Não;02;Sim;15/07/2022;0000000990
7046;Não;02;Sim;15/07/2022;0000000988
7049;Não;02;Sim;20/09/2022;0000001157
7053;Não;17;Sim;18/08/2022;0000001104
7054;Não;02;Sim;18/08/2022;0000001118
7055;;24;Sim;18/08/2022;0000001109
7061;Não;01;Sim;20/01/2023;0000001559
7180;Não;01;Sim;17/10/2022;0000001276
7181;Não;01;Sim;17/10/2022;0000001274
7182;Não;01;Sim;17/10/2022;0000001275
7197;Não;01;Sim;02/12/2022;0000001461
7198;Não;01;Sim;17/10/2022;0000001289
7199;Não;01;Sim;17/10/2022;0000001288
72;;01;Sim;20/01/2022;0000000123
7200;Não;12;Sim;13/12/2022;0000001481
7201;Não;01;Sim;19/10/2022;0000001291
7202;Não;01;Sim;13/10/2022;0000001239
7203;Não;01;Sim;19/10/2022;0000001292
7204;Não;01;Sim;13/10/2022;0000001238
7205;Não;12;Sim;13/12/2022;0000001486
7206;Não;01;Sim;13/10/2022;0000001243
7207;Não;01;Sim;13/10/2022;0000001241
7208;Não;01;Nao;//;
7211;Não;01;Sim;13/10/2022;0000001242
7214;Não;12;Sim;13/12/2022;0000001484
7215;Não;12;Sim;13/12/2022;0000001485
7219;Não;12;Sim;13/12/2022;0000001482
7221;Não;12;Sim;13/12/2022;0000001483
7222;Não;01;Sim;13/10/2022;0000001244
7223;Não;01;Sim;13/10/2022;0000001245
7229;Não;01;Sim;13/10/2022;0000001248
7230;Não;02;Sim;13/10/2022;0000001247
7236;Não;01;Sim;24/10/2022;0000001307
73;;01;Sim;20/01/2022;0000000124
74;;01;Sim;20/01/2022;0000000125
7434;Não;01;Sim;07/02/2023;0000001626
7468;Não;12;Sim;03/02/2023;0000001612
7469;Não;01;Sim;03/02/2023;0000001614
7489;Não;01;Sim;07/12/2022;0000001466
7490;Não;01;Sim;07/12/2022;0000001469
7491;Não;01;Sim;07/12/2022;0000001467
7492;Não;02;Sim;07/12/2022;0000001470
7493;Não;01;Sim;07/12/2022;0000001468
7494;Não;01;Sim;07/12/2022;0000001462
7495;Não;01;Sim;07/12/2022;0000001463
7496;Não;01;Sim;07/12/2022;0000001465
7497;Não;01;Sim;07/12/2022;0000001464
75;;01;Sim;20/01/2022;0000000127
7547;Não;01;Nao;//;
76;;01;Sim;20/01/2022;0000000126
77;;01;Nao;//;
7754;Não;01;Sim;03/02/2023;0000001616
7755;Não;01;Sim;03/02/2023;0000001615
78;;01;Nao;//;
7883;Não;01;Sim;03/02/2023;0000001598
79;;01;Nao;//;
8;;01;Sim;17/01/2022;0000000016
80;;01;Sim;21/01/2022;0000000129
8002;Não;16;Sim;20/07/2022;0000001010
8003;Não;02;Sim;20/09/2022;0000001158
8004;Não;02;Sim;20/09/2022;0000001159
8006;Não;02;Sim;06/07/2022;0000000975
8012;Não;02;Sim;15/07/2022;0000000987
Etiqueta;Bloqueado?;Local;Emuso;DataVinculo;Cod.Item
8013;Não;02;Sim;10/06/2022;0000000785
8014;Não;02;Sim;10/06/2022;0000000786
8016;Não;16;Sim;20/07/2022;0000001015
81;;01;Nao;//;
82;;01;Nao;//;
825;Não;01;Nao;//;
83;;01;Nao;//;
84;;01;Nao;//;
85;;01;Nao;//;
86;;01;Nao;//;
87;;01;Nao;//;
88;;01;Nao;//;
89;;01;Nao;//;
9;;01;Sim;17/01/2022;0000000017
90;;01;Nao;//;
91;;01;Nao;//;
92;;01;Nao;//;
93;;01;Nao;//;
94;;01;Nao;//;
95;;01;Nao;//;
96;;01;Nao;//;
97;;01;Nao;//;
98;;01;Nao;//;
99;;01;Nao;//;
